date,station_name,station_depth_m,sample_depth_m,sample_depth_category,time,lat,lon,wind_speed,wave_height,sky,secchi_depth,ctd_temp,ctd_specific_conductivity,ctd_beam_attenuation,ctd_transmission,ctd_dissolved_oxygen,ctd_par,turbidity,particulate_microcystin,dissolved_microcystin,extracted_phycocyanin,extracted_chla,total_p,total_dissolved_p,soluble_reactive_p,ammonia,nitrate_nitrite,particulate_organic_c,particulate_organic_n,cdom,tss,vss
6/16/2020,WE2,6.18,0.75,Surface,8:45,41.7637,-83.3286,,,sunny,0.2,20.3,323.7,,,7.6,,111,<0.1,0.13,0.42,2.43,,,,,,,,,,
6/16/2020,WE2,,5.5,Bottom,,,,,,,,20.3,316,,,7.61,,,<0.1,0.1,0.24,1.42,,,,,,,,,,
6/16/2020,WE6,3.45,0.75,Surface,9:58,41.7054,-83.3864,,,sunny,0.2,20.3,275.4,,,7.78,,75.2,<0.1,<0.1,0.03,1.46,,,,,,,,,,
6/16/2020,WE8,5.45,0.75,Surface,8:14,41.8349,-83.3587,,,sunny,0.2,20.6,309,,,7.68,,57.2,<0.1,<0.1,0.36,29.9,,,,,,,,,,
6/16/2020,WE8,,4.8,Bottom,,,,,,,,20.6,309,,,7.68,,,<0.1,0.1,0.5,2.2,,,,,,,,,,
6/16/2020,WE9,3.36,0.75,Surface,10:16,41.7176,-83.4225,,,sunny,0.2,21.7,442.4,,,7.02,,41.3,<0.1,0.1,0.36,29.9,,,,,,,,,,
6/16/2020,WE12,7.24,0.75,Surface,9:21,41.7026,-83.2527,,,sunny,0.2,20.2,259.3,,,7.69,,35.8,<0.1,<0.1,0.33,1.53,,,,,,,,,,
6/16/2020,WE12,,6.5,Bottom,,,,,,,,20.2,258.9,,,7.97,,,<0.1,0.11,0.24,10.19,,,,,,,,,,
6/29/2020,WE2,5.95,0.75,Surface,9:03,41.7632,-83.3295,,,sunny,1.5,24.2,302.4,2.1,59.6,9.18,1101.9,5.36,0.11,<0.1,5.73,21.73,,,,,,,,,,
6/29/2020,WE2,,5.2,Bottom,,,,,,,,23,273.6,2.8,49.5,8.57,9.3,,<0.1,<0.1,2.24,37.19,,,,,,,,,,
6/29/2020,WE6,3.4,0.75,Surface,10:07,41.7057,-83.3839,,,sunny,1.1,24.9,353,2.6,52,8.68,1526.2,6.8,0.62,<0.1,7.32,12.71,,,,,,,,,,
6/29/2020,WE8,5.37,0.75,Surface,8:27,41.8343,-83.3579,,,sunny,1.6,24.3,301,1.9,62.7,9.64,1049.5,5.38,0.12,<0.1,7.14,21.54,,,,,,,,,,
6/29/2020,WE8,,4.6,Bottom,,,,,,,,23.2,317.2,2.2,57.8,7.61,10.5,,<0.1,<0.1,2.39,26.58,,,,,,,,,,
6/29/2020,WE9,3.03,0.75,Surface,10:22,41.7175,-83.423,,,sunny,0.7,25.2,401.2,4.4,32.9,7.57,1293.4,8.31,0.12,<0.1,5.18,12.93,,,,,,,,,,
6/29/2020,WE12,7.04,0.75,Surface,9:35,41.7037,-83.2548,,,sunny,2,24.2,307,1.3,72.7,8.02,1497,3.75,0.54,<0.1,7.46,12.9,,,,,,,,,,
6/29/2020,WE12,,6.5,Bottom,,,,,,,,23,310.5,2.7,50.8,6.85,10.2,,<0.1,<0.1,0.29,23.78,,,,,,,,,,
7/6/2020,WE2,5.95,0.75,Surface,8:32,41.7634,-83.3307,,,sunny,2.7,26.4,311.6,1,78.9,6.75,953,2.7,0.19,0.23,2.23,3.83,19.61,7.32,2.09,75.69,0.852,0.44,0.04,1.17,2.58,0.88
7/6/2020,WE2,,5.2,Bottom,,,,,,,,25.3,298.5,1.4,69.9,7.44,32.2,,0.13,0.1,0.53,2.41,,,,,,,,,,
7/6/2020,WE6,3.34,0.75,Surface,9:39,41.7058,-83.3846,,,sunny,1.5,27.1,333,2.1,58.7,6.24,1263.2,4.34,0.48,0.11,2.39,6.43,30.78,9.39,3.08,30.94,0.829,0.66,0.14,1.45,5.48,2.2
7/6/2020,WE8,5.35,0.75,Surface,8:00,,,,,sunny,2.5,27.4,316,1.2,75,6.55,633.5,3.8,0.59,0.14,18.11,10.83,28.7,9.87,3.61,64.44,0.907,0.76,0.15,1.25,2.87,1.9
7/6/2020,WE8,,4.6,Bottom,,,,,,,,26.4,318.5,0.9,79.3,6.77,21.6,,0.21,0.19,2.51,4.44,,,,,,,,,,
7/6/2020,WE9,2.93,0.75,Surface,9:55,41.7178,-83.4238,,,sunny,0.5,28.2,430.5,5.7,24,6.79,605,8.4,1.73,0.34,42.18,36.61,72.74,15.13,4.77,79.54,0.901,2.15,0.42,2.43,10.43,4.8
7/6/2020,WE12,7.01,0.75,Surface,9:07,41.7035,-83.2552,,,sunny,4,26.4,279,0.8,82.3,6.52,1450,1.45,<0.1,0.13,0.66,1.86,13.5,5.86,1.52,40.49,0.674,0.26,0.04,0.83,1.78,0.95
7/6/2020,WE12,,6.3,Bottom,,,,,,,,23.5,281.2,1.6,67,8.09,71.4,,<0.1,0.1,0.39,7.43,,,,,,,,,,
7/13/2020,WE2,5.84,0.75,Surface,8:25,41.7629,-83.3285,,,partly cloudy,1.5,25.8,277.2,2.1,58.6,6.69,1179.7,5.21,0.36,0.2,6.25,9.52,31.95,15.95,7.51,73.22,0.52,0.65,0.08,0.77,5.36,1.14
7/13/2020,WE2,,5,Bottom,,,,,,,,25.8,277.3,2.1,58.7,7.22,17.3,,0.36,0.19,6.14,8.22,,,,,,,,,,
7/13/2020,WE6,3.21,0.75,Surface,9:27,41.7053,-83.3851,,,partly cloudy,0.5,26.3,370.5,5,28.4,7.4,1243.9,11.3,2.74,0.44,50.9,31.98,60.36,14.08,6.06,11.94,0.457,1.99,0.31,1.88,11.28,4.04
7/13/2020,WE8,5.19,0.75,Surface,7:55,41.8342,-83.3593,,,partly cloudy,1.7,26.6,313.4,1.5,68.4,6.02,263.3,4.79,1.37,0.64,19.45,11.43,43.08,21.66,14.46,142.09,0.593,0.82,0.15,1.11,4.14,1.7
7/13/2020,WE8,,4.5,Bottom,,,,,,,,26.6,313.8,1.6,67.8,6.43,6.8,,1.7,0.53,16.41,9.57,,,,,,,,,,
7/13/2020,WE9,3.09,0.75,Surface,9:42,41.7177,-83.4224,,,mostly sunny,0.5,27,432.4,10.7,6.9,5.48,888.7,17.3,2.14,0.62,48.74,52.65,129.06,53,33.52,296.56,0.545,2.45,0.42,1.87,18.72,5.24
7/13/2020,WE12,6.94,0.75,Surface,8:55,41.704,-83.2538,,,partly cloudy,1.5,25.9,274.9,2.4,55.5,7.14,1529.8,3.72,<0.1,0.14,3.11,7.87,26.85,12.12,7.87,51.11,0.508,0.55,0.07,0.67,4.68,1.32
7/13/2020,WE12,,6.2,Bottom,,,,,,,,25.9,275.7,2.6,52.6,7.36,13,,<0.1,0.14,2.11,7.23,,,,,,,,,,
7/20/2020,WE2,5.89,0.75,Surface,8:39,41.7637,-83.3311,9.72,0.98,sunny,2,26.2,286,,,6.75,,3.98,0.41,0.21,9.19,11.41,23.94,6.88,4.33,51.29,0.418,0.7,0.14,0.76,5.28,1.24
7/20/2020,WE2,,5.1,Bottom,,,,,,,,26.2,286.2,,,7.27,,,0.36,0.19,7.05,9.54,,,,,,,,,,
7/20/2020,WE6,3.14,0.75,Surface,9:36,41.7054,-83.3862,7.78,0.98,sunny,1,26.6,376.7,,,6.93,,9.2,7.99,0.53,114.76,47.71,72.81,20.71,8.24,19.5,0.208,3.07,0.56,1.81,10.07,6
7/20/2020,WE8,5.29,0.75,Surface,7:58,41.8334,-83.3613,13.02,1.31,sunny,2.8,26.4,292.6,,,6.39,,2.38,0.74,0.25,14.77,10.54,26.08,9.76,6.54,89.26,0.42,0.73,0.15,0.91,3.56,1.8
7/20/2020,WE8,,4.4,Bottom,,,,,,,,26.5,293.1,,,7.03,,,0.54,0.21,10.4,9,,,,,,,,,,
7/20/2020,WE9,3,0.75,Surface,9:58,41.7177,-83.4231,5.83,0.98,sunny,0.5,26.8,398.5,,,6.8,,19.9,2.43,0.32,64.21,44.72,104.88,44.83,29.14,73.18,0.345,2.69,0.52,1.92,17,6
7/20/2020,WE12,6.9,0.75,Surface,9:05,41.7045,-83.2566,9.72,1.31,sunny,1.5,26.3,277,,,7.29,,3.36,0.22,0.11,5.85,12.61,18.98,5.6,2.83,22.18,0.448,0.78,0.15,0.65,6.16,2.08
7/20/2020,WE12,,6.1,Bottom,,,,,,,,26.3,276.8,,,7.58,,,0.18,0.18,6.54,12.93,,,,,,,,,,
7/28/2020,WE2,5.62,0.75,Surface,11:45,41.7622,-83.3312,3.89,0.66,sunny,1.3,27,306.2,,,6.28,,8.46,2.06,0.16,50.48,28.47,37.76,9.65,5.74,50.34,0.226,2.13,0.35,1.11,7.93,4.5
7/28/2020,WE2,,4.7,Bottom,,,,,,,,26.4,283.3,,,6.14,,,0.35,0.1,2.53,13.65,,,,,,,,,,
7/28/2020,WE4,8.84,0.75,Surface,8:45,41.8274,-83.1956,12.05,1.31,sunny,2,26.2,251.2,,,6.75,,3.73,1.02,<0.1,17.88,16.77,22.83,6.21,5.29,22.69,0.19,1.3,0.2,0.49,4.6,2.83
7/28/2020,WE6,3.19,0.75,Surface,11:00,41.7055,-83.3865,,,sunny,1,26.6,324.4,,,6.39,,7.39,3.21,0.24,36.76,35.36,53.68,14.08,4.7,3.16,0.01,3.31,0.39,1.3,12.24,8.68
7/28/2020,WE8,5.53,0.75,Surface,8:07,41.8339,-83.3597,13.02,1.31,sunny,2.5,26.5,287.1,,,5.89,,4.21,0.97,0.19,17.63,14.3,24.13,6.23,3.65,3.8,0.085,1.17,0.18,0.84,4.27,2.97
7/28/2020,WE8,,5.5,Bottom,,,,,,,,26.5,287.2,,,6.08,,,1.97,,15.4,13.18,,,,,,,,,,
7/28/2020,WE9,2.82,0.75,Surface,11:20,41.7174,-83.425,5.83,0.66,sunny,0.5,26.7,364.3,,,6.02,,18,2.83,0.26,75.32,58.5,109.66,26.54,16.51,18.13,0.161,3.53,0.56,1.54,21.27,8
7/28/2020,WE12,6.95,0.75,Surface,10:23,41.7036,-83.2553,5.83,0.98,sunny,1.5,26.4,275.3,,,6.01,,2.87,0.11,<0.1,6.16,10.81,22.22,5.55,3.73,6.17,0.419,0.73,0.11,0.57,3.9,1.85
7/28/2020,WE12,,6.2,Bottom,,,,,,,,26.3,275.8,,,6.39,,,0.11,0.1,3.87,10.21,,,,,,,,,,
7/28/2020,WE13,9.4,0.75,Surface,9:20,41.7444,-83.1384,12.05,1.31,sunny,2,26.3,241.3,,,6.18,,1.97,0.68,<0.1,10.42,12.82,18.48,4.92,3.42,5.56,0.202,1.03,0.17,0.4,4.06,2.42
7/28/2020,WE13,,8.6,Bottom,,,,,,,,26.3,241.8,,,6.72,,,0.45,<0.1,4.9,12.42,,,,,,,,,,
7/28/2020,WE16,6.34,0.75,Surface,9:51,41.6585,-83.1463,7.78,1.31,sunny,2.5,26.2,270,,,5.79,,2.04,0.14,<0.1,3.44,4.64,17.19,6.24,4.21,35.61,0.469,0.39,0.08,0.48,2.2,1.16
8/4/2020,WE2,5.78,0.75,Surface,11:19,41.7635,-83.3309,7.78,1.97,partly sunny,1,24.8,283.8,,,7.89,,6.95,1.96,0.14,50.02,35.75,39.74,6.97,4.07,5.31,0.058,2.31,0.37,0.55,15.27,7.9
8/4/2020,WE2,,5.1,Bottom,,,,,,,,24.7,284.3,,,8.19,,,1.41,0.19,24.76,33.44,,,,,,,,,,
8/4/2020,WE4,8.85,0.75,Surface,8:45,41.8279,-83.1943,14.97,2.3,cloudy,2.5,24.2,215,,,7.34,,1.29,<0.1,<0.1,0.45,3.56,12.02,3.23,3.41,12.09,0.251,0.25,0.06,0.12,2.18,0.51
8/4/2020,WE6,3.25,0.75,Surface,10:40,41.7059,-83.3865,7.78,1.97,cloudy,0.5,24,345,,,7.66,,20.2,4.79,0.27,11.06,64.22,103.95,28.61,20.07,4.22,0.004,3.74,0.61,1.45,22.52,9.28
8/4/2020,WE8,5.38,0.75,Surface,8:07,41.8354,-83.3577,15.94,2.3,cloudy,1.3,24.6,257.1,,,7.46,,6.68,2.19,0.26,17.65,32.91,33.87,4.6,4.29,13.78,0.095,1.83,0.27,0.61,7.04,4.06
8/4/2020,WE8,,4.7,Bottom,,,,,,,,24.6,256.7,,,7.84,,,2.13,0.26,28.57,32.91,,,,,,,,,,
8/4/2020,WE9,3.02,0.75,Surface,10:56,41.7181,-83.4223,7.78,1.97,cloudy,0.5,24.2,370.1,,,7.7,,28.8,3.99,0.36,65.93,66.79,125.51,33.76,24.44,6.39,0.075,4.42,0.63,1.59,27.87,9.03
8/4/2020,WE12,7.06,0.75,Surface,10:10,41.7052,-83.2532,7.78,1.97,cloudy,0.5,24.6,311.1,,,7.13,,11.5,2.3,0.21,23.11,37.49,60.65,10.75,7.56,7.02,0.027,2.43,0.42,1.1,12.6,5.77
8/4/2020,WE12,,6.3,Bottom,,,,,,,,24.6,311.4,,,7.73,,,1.14,0.41,59.74,42.07,,,,,,,,,,
8/4/2020,WE13,9.35,0.75,Surface,9:13,41.7458,-83.1386,14,2.3,cloudy,1.5,25,266.3,,,7.33,,4.99,1.64,0.25,16.07,24.77,28.92,5.79,5.44,6.78,0.151,1.38,0.21,0.65,6,3.1
8/4/2020,WE13,,8.7,Bottom,,,,,,,,25,266.6,,,7.83,,,1.68,0.2,17.8,24.7,,,,,,,,,,
8/4/2020,WE16,6.46,0.75,Surface,9:40,41.661,-83.1447,11.66,2.3,cloudy,1.5,24.7,272.4,,,7.28,,5.15,0.39,0.16,2.41,2.8,29.51,6.72,6.75,21.49,0.341,0.73,0.12,0.56,7.47,1.56
8/10/2020,WE2,5.27,0.75,Surface,11:40,41.7614,-83.3329,9.72,0.33,sunny,1,25.2,288.9,,,7.81,,6.15,0.45,0.23,6.72,20.48,32.71,8.49,3.71,2.95,<0.002,1.67,0.22,0.87,8.24,3.62
8/10/2020,WE2,,4.8,Bottom,,,,,,,,24.8,283.8,,,8.04,,,0.6,0.21,3.88,24.64,,,,,,,,,,
8/10/2020,WE4,8.8,0.75,Surface,8:44,41.8257,-83.1983,9.91,0.66,sunny,3,24.8,207.8,,,7.27,,0.915,0.1,<0.1,0.42,5.13,12.12,3.27,4.46,9.05,0.166,0.42,0.08,0.17,1.62,0.85
8/10/2020,WE6,3.07,0.75,Surface,10:52,41.7046,-83.3852,5.83,0.33,sunny,0.8,25.6,359.4,,,9.54,,10.2,1.14,0.3,19.22,39.39,65.34,14.66,4.64,7.03,0.003,3.28,0.43,1.42,12.08,6.8
8/10/2020,WE8,5.26,0.75,Surface,8:03,41.8335,-83.3609,11.08,0.66,sunny,1,25.1,263.8,,,7.69,,5.2,0.55,0.19,3.31,15.67,30.77,6.04,4.9,1.86,<0.002,1.66,0.25,0.76,7.38,3.62
8/10/2020,WE8,,4.3,Bottom,,,,,,,,24.7,253.2,,,8.17,,,0.89,0.19,4.56,16.84,,,,,,,,,,
8/10/2020,WE9,2.83,0.75,Surface,11:14,41.7175,-83.4244,7.78,0.33,sunny,0.5,25.3,331.8,,,8.48,,12.2,1.35,<0.1,20.99,45.11,70.64,17.99,13.83,1.58,0.003,2.83,0.5,1.23,14.45,6.38
8/10/2020,WE12,6.89,0.75,Surface,10:20,41.702,-83.2543,5.83,0.33,sunny,1,25,287.5,,,8.73,,6.63,0.73,0.25,7.82,21.39,29.66,7.09,3.64,1.37,0.003,2.08,0.3,0.87,6.73,4.08
8/10/2020,WE12,,6.1,Bottom,,,,,,,,24.5,284.3,,,8.05,,,1.93,0.27,19.37,51.53,,,,,,,,,,
8/10/2020,WE13,9.18,0.75,Surface,9:16,41.742,-83.1364,7,0.66,sunny,2.5,25,231.6,,,8.15,,3.12,0.89,0.15,3.16,14.5,18.55,4.25,3.12,1.9,0.115,1.14,0.18,0.29,14.85,8.2
8/10/2020,WE13,,8.4,Bottom,,,,,,,,24.5,229.6,,,7.54,,,0.72,0.23,1.02,19.11,,,,,,,,,,
8/10/2020,WE16,6.18,0.75,Surface,9:48,41.6578,-83.1458,5.83,0.33,sunny,2.5,24.9,271.6,,,8.1,,5.82,1.71,0.21,9.12,14.5,20.35,5.86,5.07,6.01,0.152,1.18,0.18,0.57,10.43,6.77
8/17/2020,WE2,5.56,0.75,Surface,11:15,41.762,-83.3308,3.89,0.33,mostly sunny,1,25.4,282.5,,,7.09,,7.46,0.46,0.24,32.4,22.3,43.69,9.14,5.57,3.45,<0.002,1.87,0.3,0.86,7.98,3.62
8/17/2020,WE2,,4.5,Bottom,,,,,,,,25,283.7,,,6.83,,,0.36,0.21,21.93,20.87,,,,,,,,,,
8/17/2020,WE4,8.93,0.75,Surface,8:37,,,5.05,0.66,mostly cloudy,2,25,229,,,7.1,,1.63,0.1,<0.1,3.26,8.1,17.86,4.49,2.82,13.25,0.215,0.53,0.07,0.27,2.82,0.94
8/17/2020,WE6,3.03,0.75,Surface,10:27,41.7053,-83.3856,1.94,0.66,cloudy,0.7,25.5,321.1,,,6.96,,13.1,0.86,0.28,80.26,43.03,70.5,10.38,6.5,4.16,<0.002,3.16,0.52,1.16,13.8,6.91
8/17/2020,WE8,5.3,0.75,Surface,8:01,41.8335,-83.3588,7.97,0.66,mostly cloudy,1,25.4,250.3,,,7.19,,6.42,0.66,0.19,17.05,21,34.95,6.45,5.32,4,<0.002,1.73,0.26,0.61,8.54,4
8/17/2020,WE8,,4.5,Bottom,,,,,,,,25.4,250.5,,,7.42,,,0.84,0.1,19.52,20.41,,,,,,,,,,
8/17/2020,WE9,2.83,0.75,Surface,10:41,41.7177,-83.4235,1.94,0.33,partly sunny,0.4,25.5,363.1,,,7.91,,19.7,0.38,0.17,194.42,89.02,149.21,38.38,29.69,16.38,0.151,4.27,0.78,1.52,22.47,10.1
8/17/2020,WE9,,0,Scum,,,,,,,,,,,,,,,8.35,0.19,1224.74,414.62,,,,,,,,,,
8/17/2020,WE12,6.67,0.75,Surface,9:58,41.7035,-83.255,1.94,0.66,partly sunny,1,25.1,281.6,,,6.73,,7.11,0.15,0.13,13.96,19.5,37.32,6.45,4.92,3.74,<0.002,1.44,0.18,0.8,16.97,7.06
8/17/2020,WE12,,6,Bottom,,,,,,,,25,282,,,7.15,,,0.54,0.16,16.13,22.17,,,,,,,,,,
8/17/2020,WE13,9.14,0.75,Surface,9:05,41.7433,-83.1362,2.92,0.66,mostly cloudy,1,25,260.6,,,6.98,,5.55,0.56,<0.1,12.83,18.66,26.2,4.47,3.93,3.25,<0.002,1.41,0.17,0.68,12.06,5.89
8/17/2020,WE13,,8.4,Bottom,,,,,,,,25,260.8,,,7.46,,,1.6,0.11,14.84,19.24,,,,,,,,,,
8/17/2020,WE16,6.13,0.75,Surface,9:31,41.6582,-83.1454,1.94,0.66,mostly cloudy,1,24.9,257.5,,,7.31,,6.39,2.19,<0.1,57.31,31.28,32.29,3.95,3.22,9.04,0.043,2.04,0.32,0.59,8.42,4.87
8/17/2020,2020.1,,0,Scum,,41.7177,-83.4232,,,,,,,,,,,,16.76,0.37,3695.6,1045.1,,,,,,,,,,
8/24/2020,WE2,5.44,0.75,Surface,11:30,41.7618,-83.331,9.72,0.66,sunny,1,25.4,280.3,,,6.16,,5.98,0.28,0.19,5.62,12.92,32.86,8.22,4.3,2.62,<0.002,1.42,0.19,0.74,7.3,2.77
8/24/2020,WE2,,4.7,Bottom,,,,,,,,25,278.1,,,6.04,,,0.68,0.26,5.17,12.91,,,,,,,,,,
8/24/2020,WE4,8.63,0.75,Surface,8:44,41.826,-83.1951,7,0.66,sunny,2,25,229,,,6.46,,2.6,0.49,0.1,7.3,12.79,18.19,3.61,3.08,8.63,0.095,0.98,0.17,0.27,2.99,1.79
8/24/2020,WE6,3,0.75,Surface,10:48,41.7048,-83.387,7.78,0.66,sunny,0.8,25.5,321.7,,,7.1,,14.1,0.53,0.17,60.81,45.37,48.3,10.21,3.12,4.38,<0.002,3.68,0.53,1.09,11.66,7.8
8/24/2020,WE8,5.1,0.75,Surface,8:03,41.8342,-83.3604,7.97,0.66,sunny,1,25.2,259.9,,,6.31,,11.1,0.24,<0.1,76.9,43.53,39.87,6.13,5.11,4.54,0.002,2.54,0.45,0.71,16,4.27
8/24/2020,WE8,,4.2,Bottom,,,,,,,,25.2,260,,,6.53,,,0.41,<0.1,79.85,39.98,,,,,,,,,,
8/24/2020,WE9,2.73,0.75,Surface,11:04,41.7176,-83.4244,9.72,0.66,sunny,0.5,25.8,410.3,,,7.96,,23.2,0.58,0.19,188,96.43,106.47,14.23,5.64,5.23,0.099,4.71,0.81,1.59,,
8/24/2020,WE12,6.82,0.75,Surface,10:15,41.7031,-83.2557,9.72,0.66,sunny,1.5,25.1,264,,,6.1,,4.81,0.53,<0.1,6.56,11.47,28.81,6.44,4.59,3.25,<0.002,1.19,0.14,0.64,5.92,2.68
8/24/2020,WE12,,6,Bottom,,,,,,,,25,263.7,,,6.29,,,0.27,<0.1,4.7,9.94,,,,,,,,,,
8/24/2020,WE13,9.11,0.75,Surface,9:15,41.7432,-83.1378,7.97,0.66,sunny,1.5,25,225.4,,,6.72,,2.48,0.66,0.15,12.22,12.49,16.26,3.68,3.24,5.6,0.078,0.99,0.14,0.27,2.96,1.97
8/24/2020,WE13,,8.3,Bottom,,,,,,,,24.9,226.1,,,7.15,,,1.63,<0.1,5.49,10.81,,,,,,,,,,
8/24/2020,WE16,6.19,0.75,Surface,9:45,41.6591,-83.1461,9.72,0.66,sunny,1,25.1,254.7,,,6.21,,4.31,0.73,<0.1,14.99,14.22,25.5,4.52,3.44,3.15,<0.002,1.41,0.19,0.6,5.81,2.97
9/1/2020,WE2,5.51,0.75,Surface,11:10,41.7617,-83.3307,3.89,0.33,sunny,1,24.6,253,,,7.38,,5.19,0.13,0.14,12.39,17.36,28.49,4.79,3.21,2.38,<0.002,1.39,0.22,0.57,6.38,2.36
9/1/2020,WE2,,4.7,Bottom,,,,,,,,24.4,255,,,7.51,,,0.2,0.17,7.32,16.9,,,,,,,,,,
9/1/2020,WE4,8.96,0.75,Surface,8:40,41.8259,-83.1933,7.97,0.66,sunny,2,24.2,217.9,,,7.29,,1.62,0.22,<0.1,1.12,7.08,16.5,3.98,5.03,9.76,0.18,0.48,0.07,0.22,2.72,0.89
9/1/2020,WE6,3.1,0.75,Surface,10:33,41.7052,-83.3854,3.89,0.33,sunny,0.5,24,303.8,,,7.24,,10.6,0.57,0.23,16.94,28.47,44.42,9.35,4.02,21.38,0.034,1.99,0.29,1.07,12.9,5.1
9/1/2020,WE8,5.18,0.75,Surface,8:03,41.8331,-83.3606,7.97,0.66,sunny,1,24.3,255.2,,,7.47,,9.49,0.19,0.17,43.75,18.85,36.74,5.91,5.19,7.04,0.002,2.02,0.37,0.73,9.1,4.92
9/1/2020,WE8,,4.4,Bottom,,,,,,,,24.3,255.3,,,7.95,,,0.37,0.72,25.11,19.24,,,,,,,,,,
9/1/2020,WE9,2.91,0.75,Surface,10:47,41.718,-83.4233,3.89,0.33,sunny,0.5,24.5,391.2,,,7.05,,17.7,1.79,0.24,51.14,54.34,110.49,35.63,27.59,65.62,0.227,2.81,0.64,1.45,19.13,6.93
9/1/2020,WE12,6.79,0.75,Surface,10:03,41.7029,-83.2562,3.89,0.66,sunny,1,24.4,265.6,,,7.31,,5.37,<0.1,0.14,9.68,17.49,34.77,6.49,4.48,2.97,<0.002,1.41,0.28,0.66,7.06,2.9
9/1/2020,WE12,,6.1,Bottom,,,,,,,,24.3,264.8,,,7.56,,,0.1,0.13,7.36,19.24,,,,,,,,,,
9/1/2020,WE13,9.18,0.75,Surface,9:08,41.7428,-83.1372,6.03,0.66,sunny,2.5,24.2,222.7,,,7.49,,2.68,0.1,<0.1,12.05,9.4,15.95,4.25,3.06,3.07,0.205,0.61,0.12,0.22,3.36,1.3
9/1/2020,WE13,,8.4,Bottom,,,,,,,,24.2,222.9,,,7.97,,,0.25,<0.1,0.5,13.81,,,,,,,,,,
9/1/2020,WE16,6.16,0.75,Surface,9:35,41.6573,-83.1458,5.83,0.66,sunny,1.5,24.2,249.4,,,7.43,,3.77,0.25,<0.1,6.91,13.85,25.59,4.46,4.43,3.21,<0.002,1.05,0.23,0.53,5.44,2.34
9/9/2020,WE2,5.71,0.75,Surface,11:09,41.7628,-83.3297,7.78,1.64,cloudy,1.5,22.4,243.8,,,7.58,,4.88,0.21,0.19,9.28,22.62,31.21,8.17,11.26,8.02,0.009,1.19,0.2,0.49,7.48,2.28
9/9/2020,WE2,,5,Bottom,,,,,,,,22.4,243.9,,,7.79,,,0.34,0.18,6.47,22.43,,,,,,,,,,
9/9/2020,WE4,8.63,0.75,Surface,8:37,41.8275,-83.1967,,1.97,cloudy/fog,2.5,22.2,222.8,,,7.55,,1.93,<0.1,0.12,0.28,3.47,17.59,7.28,9.04,18.33,0.25,0.33,0.06,0.19,3.63,0.53
9/9/2020,WE6,3.16,0.75,Surface,10:31,41.7051,-83.3847,7.78,1.64,cloudy,0.5,21.6,345.5,,,7.22,,20.1,0.47,0.33,9.54,41.6,78.82,18.83,8.89,6.21,0.066,2.74,0.38,1.18,28.73,6.17
9/9/2020,WE8,5.08,0.75,Surface,8:02,41.8351,-83.3589,,1.64,cloudy/fog,1,22.1,253.4,,,6.83,,4.2,0.14,0.21,4.73,19.71,32.75,10.76,9.41,12.58,0.008,1.02,0.2,0.62,5.7,2.13
9/9/2020,WE8,,4.3,Bottom,,,,,,,,22.1,253.8,,,7.49,,,0.13,0.15,6.18,18.82,,,,,,,,,,
9/9/2020,WE9,2.91,0.75,Surface,10:45,41.7174,-83.4232,7.78,1.64,cloudy,0.3,21.8,373.2,,,7.45,,23.5,0.25,0.29,8.46,38.09,105.48,34.59,22.94,25.24,0.207,2.49,0.41,1.23,32.87,6.47
9/9/2020,WE12,7,0.75,Surface,10:02,41.7055,-83.2542,7.78,1.64,cloudy,1,22.5,238.8,,,8.01,,5.99,0.38,0.2,10.8,22.36,31.48,7.37,2.57,4.97,0.026,1.15,0.19,0.41,8.49,2.67
9/9/2020,WE12,,6.1,Bottom,,,,,,,,22.5,238.9,,,7.95,,,0.62,0.14,9.32,22.95,,,,,,,,,,
9/9/2020,WE13,9.24,0.75,Surface,9:05,41.7435,-83.1356,,1.64,cloudy/fog,2,22.5,224.8,,,8.07,,4.3,0.39,0.26,3.98,8.65,19.12,4.84,4.24,10.56,0.18,0.63,0.11,0.21,4.42,1.22
9/9/2020,WE13,,8.4,Bottom,,,,,,,,22.6,225.1,,,7.94,,,0.34,0.11,5,17.29,,,,,,,,,,
9/9/2020,WE16,6.21,0.75,Surface,9:34,41.659,-83.1469,9.72,1.64,cloudy,1,22.4,233.9,,,7.51,,9.19,0.52,0.15,5.67,21.65,34.72,7.95,3.31,10.42,0.011,1.1,0.19,0.38,11.28,2.48
9/15/2020,WE2,5.37,0.75,Surface,12:37,41.7605,-83.3314,7.78,0.33,clear,1.3,20.9,261,,,8.14,,5.39,0.17,0.19,2.7,17.68,39.26,13.54,,,,1.5,0.19,0.6,7.5,3.68
9/15/2020,WE2,,4.7,Bottom,,,,,,,,20.7,262.6,,,8.56,,,0.19,0.12,1.6,18.59,,,,,,,,,,
9/15/2020,WE4,8.84,0.75,Surface,9:15,41.8261,-83.1945,8.94,0.98,hazy,3.5,20.4,226,,,8.07,,1.62,<0.1,<0.1,0.35,6.57,13.34,4.18,2.34,9.2,0.273,0.45,0.06,0.19,2.35,1.03
9/15/2020,WE6,2.94,0.75,Surface,11:47,41.7044,-83.3854,5.83,0.66,clear,0.5,20.2,308.4,,,8.36,,12.2,0.69,0.33,1.21,29.51,56.72,14.32,3.73,4.15,0.003,2.89,0.39,0.99,16.1,7.47
9/15/2020,WE8,5.27,0.75,Surface,8:31,41.834,-83.3589,9.91,0.98,clear,1.5,21,265,,,9.38,,5.86,0.37,0.16,3.85,26.78,35.54,7.46,5.38,3.22,0.003,1.76,0.26,0.66,8.06,4.48
9/15/2020,WE8,,4.5,Bottom,,,,,,,,21,265.3,,,8.79,,,0.28,0.27,3.71,25.97,,,,,,,,,,
9/15/2020,WE9,2.7,0.75,Surface,12:05,41.7174,-83.4237,5.83,0.66,clear,0.5,21,476.9,,,7.62,,18.4,0.46,0.27,4.1,32.63,115.88,64.44,52.81,17.17,0.625,2.05,0.28,1.51,23.9,6.47
9/15/2020,WE12,6.75,0.75,Surface,11:03,41.7017,-83.2538,5.83,0.66,clear,0.8,20.9,281.2,,,8.11,,7.46,0.33,0.13,2.43,25.42,42.58,9.59,,,,1.98,0.24,0.76,12.18,5.52
9/15/2020,WE12,,5.9,Bottom,,,,,,,,20.8,281.6,,,8.29,,,0.58,0.2,2.58,26.39,,,,,,,,,,
9/15/2020,WE13,9.2,0.75,Surface,9:50,41.7425,-83.1361,8.94,0.66,clear,2,21.2,233,,,7.96,,3.73,0.32,0.14,3.84,18.27,21.48,5.53,2.66,2.04,0.09,0.84,0.14,0.38,4.96,2.33
9/15/2020,WE13,,8,Bottom,,,,,,,,21.3,237.4,,,8.67,,,0.94,0.17,2.3,18.07,,,,,,,,,,
9/15/2020,WE16,6.15,0.75,Surface,10:27,41.6584,-83.1459,7.78,0.66,clear,1,20.8,237.2,,,7.97,,5.93,0.76,0.16,2.07,22.69,27.66,5.66,3.81,1.55,0.004,1.22,0.16,0.43,8.37,3.23
9/21/2020,WE2,5.69,0.75,Surface,11:55,41.765,-83.3303,5.83,0.98,sunny,0.5,18,299.5,,,8.84,,15.2,0.13,0.24,12.06,7.31,65.95,18.35,12.72,4.03,0.011,2.39,0.3,0.79,16.97,5.67
9/21/2020,WE2,,4.6,Bottom,,,,,,,,17.6,306.6,,,8.69,,,0.22,0.16,5.28,5.82,,,,,,,,,,
9/21/2020,WE4,8.62,0.75,Surface,8:55,41.8278,-83.1954,11.66,,sunny,1.5,18,238.1,,,7.78,,2.08,<0.1,0.15,0.02,0.77,19.29,8.31,8.63,22.84,0.329,0.58,0.05,0.25,5.44,1.63
9/21/2020,WE6,2.99,0.75,Surface,11:08,41.7045,-83.3862,7.78,0.98,sunny,0.5,17.2,338.4,,,9.08,,14.7,0.58,0.21,12.97,8.27,73.89,18.97,11.72,3.37,0.029,3.18,0.42,1.01,27.1,9.25
9/21/2020,WE8,5.32,0.75,Surface,8:10,41.8326,-83.3575,11.66,,sunny,0.5,17.8,265.5,,,8.23,,14.2,0.19,0.19,5.66,5.16,52.06,9.1,5.16,4,0.005,2.3,0.29,0.67,21.87,7.07
9/21/2020,WE8,,4.6,Bottom,,,,,,,,17.9,265.6,,,8.74,,,0.21,0.24,6.33,15.21,,,,,,,,,,
9/21/2020,WE9,2.95,0.75,Surface,11:28,41.7173,-83.4236,5.83,0.98,sunny,0.3,17,365.7,,,8.36,,24.3,0.17,0.17,5.49,28.08,88.52,34.03,27.69,8.07,0.207,2.7,0.41,1.09,33.2,8.4
9/21/2020,WE12,6.76,0.75,Surface,10:35,41.7015,-83.2548,9.72,0.98,sunny,0.5,18,285.3,,,8.38,,14,<0.1,0.24,5.48,22.62,54.26,11.71,7.29,4.02,0.005,2.25,0.27,0.76,22,7.7
9/21/2020,WE12,,6,Bottom,,,,,,,,18,285.6,,,8.63,,,0.21,0.15,4.46,22.69,,,,,,,,,,
9/21/2020,WE13,9.24,0.75,Surface,9:35,41.7409,-83.1363,11.66,,sunny,1,18.7,247.5,,,8.33,,3.92,0.21,0.15,6.25,24.83,29.46,6.7,3.95,3.09,<0.002,1.38,0.18,0.49,10.64,3.2
9/21/2020,WE13,,8.3,Bottom,,,,,,,,18.7,247.8,,,8.72,,,0.12,0.18,4.13,24.05,,,,,,,,,,
9/21/2020,WE16,6.14,0.75,Surface,10:07,41.6578,-83.1447,11.66,1.31,sunny,1.3,18.1,243.7,,,8.66,,5.44,<0.1,0.15,3.58,12.19,28,8.8,3.93,4.3,0.004,1.19,0.16,0.44,10.76,3.5
9/28/2020,WE2,5.36,0.75,Surface,11:16,41.7623,-83.3306,3.89,0.66,cloudy,1,19,263,,,7.69,,6,<0.1,0.17,4.63,7.8,30.28,12.66,7.33,4.08,0.004,0.76,0.12,0.54,6.84,2.28
9/28/2020,WE2,,4.6,Bottom,,,,,,,,19,264.2,,,8.14,,,<0.1,0.19,3.5,6.98,,,,,,,,,,
9/28/2020,WE4,8.67,0.75,Surface,8:49,41.826,-83.1937,,0.66,cloudy,2.5,18.7,232.5,,,8.16,,1.41,<0.1,0.11,1.71,4.37,12.85,4.08,6.22,10.04,0.265,0.42,0.08,,2.22,1.09
9/28/2020,WE6,2.87,0.75,Surface,10:40,41.7055,-83.3857,5.83,0.33,cloudy,1.7,19.5,286.5,,,7.72,,4,<0.1,0.2,4.24,8.07,27.77,11.97,5.6,3.09,0.003,0.66,0.1,0.65,5.52,2.55
9/28/2020,WE8,5.01,0.75,Surface,8:14,41.8337,-83.359,,0.66,cloudy,1.5,19.3,294.4,,,8.01,,4.37,<0.1,0.17,5.71,11.42,36.43,18.35,10.71,2.54,0.004,1.04,0.17,0.71,6.68,3.46
9/28/2020,WE8,,4.4,Bottom,,,,,,,,19.3,294.5,,,8.5,,,<0.1,0.2,5.47,11.4,,,,,,,,,,
9/28/2020,WE9,2.53,0.75,Surface,10:54,41.7178,-83.4234,5.83,0.66,cloudy,0.7,19.5,317.8,,,7.76,,11.1,0.11,0.15,8.69,16.64,50.61,19.39,11.85,3.51,0.055,1.3,0.18,0.86,15.2,4.77
9/28/2020,WE12,6.57,0.75,Surface,10:12,41.7035,-83.2545,5.83,0.33,cloudy,1,18.9,244.7,,,7.93,,7.49,<0.1,0.13,2.39,6.15,26.18,9.4,6.37,1.49,<0.002,0.66,0.08,0.46,7.64,2.74
9/28/2020,WE12,,6.1,Bottom,,,,,,,,18.9,245.1,,,8.27,,,<0.1,0.11,2.03,5,,,,,,,,,,
9/28/2020,WE13,8.97,0.75,Surface,9:20,41.7426,-83.1367,,0.66,cloudy,1.5,19.1,248.1,,,8.33,,3.35,0.11,0.15,6.34,9.91,17.53,3.44,2.18,5.19,0.151,0.68,0.12,0.39,5.06,1.96
9/28/2020,WE13,,8.3,Bottom,,,,,,,,19,248.3,,,8.49,,,<0.1,<0.1,4.25,7.67,,,,,,,,,,
9/28/2020,WE16,5.91,0.75,Surface,9:46,41.6583,-83.1455,7.78,0.33,cloudy,2,19.1,234.7,,,7.56,,3.26,0.16,0.19,2.83,4.25,18.66,8.51,4.83,4.54,0.004,0.42,0.1,0.39,3.65,1.45
10/5/2020,WE2,5.52,0.75,Surface,11:34,41.7623,-83.3306,3.89,0.2,sunny,1.5,15.4,259.9,,,8.55,,4.29,<0.1,0.14,3.01,8,28.58,15.44,11.68,5.67,0.011,0.61,0.08,0.57,5.57,2.05
10/5/2020,WE2,,4.6,Bottom,,,,,,,,15.3,261.8,,,8.87,,,<0.1,0.12,1.94,8.58,,,,,,,,,,
10/5/2020,WE4,8.53,0.75,Surface,8:49,41.8267,-83.1947,,0.5,sunny,3.5,15.7,226.4,,,8.54,,1.27,<0.1,<0.1,0.27,1.74,13.01,5.44,5.06,23.46,0.271,0.19,0.02,0.19,1.76,0.61
10/5/2020,WE6,3.04,0.75,Surface,10:51,41.7052,-83.3854,5.83,0.2,sunny,1.1,13.8,310.5,,,9.04,,5.51,0.11,0.1,6.45,9.95,36.37,18.88,13.67,4.52,0.025,1.02,0.11,0.74,6.48,2.83
10/5/2020,WE8,5.1,0.75,Surface,8:12,41.834,-83.3593,,0.4,sunny,2.5,14.7,281.6,,,8.87,,2.4,0.16,0.14,6.35,6.79,30.28,11.77,8.26,13.43,0.024,0.55,0.08,0.6,3.39,1.99
10/5/2020,WE8,,4.3,Bottom,,,,,,,,14.7,279.1,,,8.94,,,<0.1,0.13,7.31,6.86,,,,,,,,,,
10/5/2020,WE9,2.8,0.75,Surface,11:09,41.7176,-83.4239,5.83,0.3,sunny,0.8,14.4,313.1,,,9,,9.38,0.14,<0.1,6.1,9.98,47.68,,19.12,20.71,0.069,0.98,0.17,0.75,9.56,3.18
10/5/2020,WE12,6.81,0.75,Surface,10:18,41.704,-83.2552,5.83,0.3,sunny,1,15.2,258.4,,,9.07,,7.24,<0.1,0.33,3.19,9.65,28.96,9.31,7.37,2.89,0.002,0.83,0.09,0.49,8.39,2.6
10/5/2020,WE12,,6.1,Bottom,,,,,,,,15.2,258.7,,,9.05,,,<0.1,<0.1,3.39,9.52,,,,,,,,,,
10/5/2020,WE13,9.07,0.75,Surface,9:20,41.7436,-83.1526,,0.4,sunny,1.8,15.7,221.3,,,8.97,,2.3,<0.1,<0.1,0.38,3.91,14.3,5.21,4.74,12.07,0.249,0.27,0.04,0.17,3.56,1.07
10/5/2020,WE13,,8.4,Bottom,,,,,,,,15.7,223.5,,,8.9,,,<0.1,<0.1,0.03,3.65,,,,,,,,,,
10/5/2020,WE16,6.19,0.75,Surface,9:50,41.6599,-83.1468,7.78,0.4,mostly sunny,1.8,15.4,249.6,,,8.9,,3.48,<0.1,<0.1,1.96,6.36,22.2,8.86,7.97,20.53,0.105,0.46,0.09,0.39,6.13,1.75
4/27/2021,WE2,5.6,0.75,Surface,11:45,41.7617,-83.3316,9.91,,partly sunny,0.2,,,,,,,23.6,<0.1,<0.1,0.29,9.24,52.38,11.26,1.94,18.08,0.68,1.22,0.17,0.46,29.91,3.09
4/27/2021,WE2,,4.6,Bottom,,,,,,,,,,,,,,,<0.1,<0.1,0.68,8.18,,,,,,,,,,
4/27/2021,WE4,8.6,0.75,Surface,8:49,41.8258,-83.1945,12.05,,partly sunny,0.9,,,,,,,7.7,<0.1,<0.1,0.55,3.31,24.4,6.97,1.74,60.99,0.441,0.63,0.08,0.25,12.73,1.2
4/27/2021,WE6,3,0.75,Surface,11:04,41.7045,-83.3858,13.02,,partly sunny,0.2,,,,,,,28.8,<0.1,<0.1,1.78,6.16,68.56,9.97,3.4,24.77,0.988,1.34,0.21,0.69,35.27,3.77
4/27/2021,WE8,5.3,0.75,Surface,8:03,41.834,-83.358,13.02,,partly sunny,0.2,,,,,,,32.2,<0.1,<0.1,0.42,5.53,76.58,11.88,3.87,46.76,0.94,1.39,0.17,0.58,39.5,4.37
4/27/2021,WE8,,4.3,Bottom,,,,,,,,,,,,,,,<0.1,<0.1,1.67,5.84,,,,,,,,,,
4/27/2021,WE9,2.7,0.75,Surface,11:19,41.7176,-83.4244,13.02,,partly sunny,0.1,,,,,,,49,<0.1,0.14,1.24,39.68,127.92,25.45,8,43.05,3.375,3.15,0.5,2.42,53.85,6.85
4/27/2021,WE12,7,0.75,Surface,10:28,41.7026,-83.2529,12.05,,partly sunny,0.2,,,,,,,23.3,<0.1,<0.1,0.52,7.6,64.14,15.45,1.71,29.69,0.843,1.26,0.18,0.6,25.27,2.27
4/27/2021,WE12,,6,Bottom,,,,,,,,,,,,,,,<0.1,<0.1,0.44,7.9,,,,,,,,,,
4/27/2021,WE13,9.4,0.75,Surface,9:24,41.7426,-83.1374,13.02,,partly sunny,1,,,,,,,6.89,<0.1,<0.1,0.29,5.11,20.76,6.97,1.39,43.69,0.339,0.65,0.08,0.26,10.57,0.73
4/27/2021,WE13,,8.4,Bottom,,,,,,,,,,,,,,,<0.1,<0.1,0.45,4.57,,,,,,,,,,
4/27/2021,WE16,6.4,0.75,Surface,9:57,41.6583,-83.1472,12.05,,mostly cloudy,1,,,,,,,7.88,<0.1,<0.1,0.29,3.87,30.64,14.12,3.08,13.94,0.38,0.5,0.09,0.22,10.6,0.57
5/24/2021,WE2,5.53,0.75,Surface,11:34,41.7618,-83.3305,6.41,1.83,cloudy,0.4,19.2,338.2,5.7,23.9,8.39,562,10.3,<0.1,<0.1,3.06,8.92,62.51,18.57,4.87,32.96,1.953,1.31,0.25,1.67,11.1,2
5/24/2021,WE2,,4.6,Bottom,,,,,,,,18.3,321,4.3,34.4,9.2,1.3,,<0.1,0.12,0.73,9.18,,,,,,,,,,
5/24/2021,WE4,8.63,0.75,Surface,8:40,41.8261,-83.194,2.92,1.94,cloudy,2.4,16.7,231.7,1.9,61.9,9.28,271.3,1.86,<0.1,<0.1,0.13,36.27,18.08,6.03,0.77,21.01,0.333,0.39,0.06,0.2,3.8,0.5
5/24/2021,WE6,3.12,0.75,Surface,10:50,41.7053,-83.3859,0.97,0.56,cloudy,0.2,21.3,423.1,,,9.26,285.7,37.1,<0.1,0.14,18.25,76.78,190.48,37.33,18.39,22.68,5.029,3.4,0.62,4.75,30,5
5/24/2021,WE8,5.07,0.75,Surface,8:02,41.8337,-83.3603,5.05,2.15,cloudy,1.4,20,342.8,2.9,48.4,9.59,127.6,5.67,<0.1,<0.1,0.78,10.76,34.95,14.05,3.6,25.9,2.104,0.86,0.14,1.89,6.8,1.1
5/24/2021,WE8,,4.2,Bottom,,,,,,,,18.2,322.4,2.7,50.8,8.83,2,,<0.1,<0.1,0.55,19.56,,,,,,,,,,
5/24/2021,WE9,2.76,0.75,Surface,11:05,41.7174,-83.4228,5.05,1.72,cloudy,0.2,20.6,424.2,19.7,0.7,8.24,329.7,39.4,<0.1,<0.1,10.25,54.16,214.65,41.1,23.01,56.22,5.237,3.37,0.58,4.77,35.9,5.5
5/24/2021,WE12,6.77,0.75,Surface,10:15,41.7026,-83.2537,3.11,1.83,cloudy,2.5,18.7,330.4,3.2,45.1,9.34,415.1,5.33,<0.1,<0.1,0.80,11.56,45.33,12.3,5.85,16.46,1.816,0.82,0.16,1.57,5.8,0.9
5/24/2021,WE12,,6,Bottom,,,,,,,,18.6,329.4,3.1,45.6,10.17,1.3,,<0.1,<0.1,0.30,5.29,,,,,,,,,,
5/24/2021,WE13,9.17,0.75,Surface,9:13,41.7432,-83.1362,2.92,1.94,cloudy,3,16.7,239.2,1.4,70.6,9.05,308.1,1.17,<0.1,<0.1,0.17,17.19,12.3,6.41,1.27,21.06,0.375,0.43,0.06,0.22,2.36,0.32
5/24/2021,WE13,,8.2,Bottom,,,,,,,,13.3,284.6,3.1,45.8,6.58,14.1,,<0.1,<0.1,0.52,9.1,,,,,,,,,,
5/24/2021,WE16,6.06,0.75,Surface,9:46,41.6581,-83.145,1.56,2.15,cloudy,2.5,18.7,298,1.5,68.3,8.82,328.4,3.05,<0.1,<0.1,0.44,5.99,22.82,9.97,1.75,15.44,0.911,0.42,0.07,0.72,2.48,<0.08
6/7/2021,WE2,5.51,0.75,Surface,11:06,41.762,-83.3301,5.83,2.15,mostly cloudy,0.8,20.7,341.7,5.3,26.5,7.93,350.6,10.9,<0.1,<0.1,2.90,13.78,77.14,32.6,23.33,20.1,1.911,0.88,0.17,1.37,10.83,2.17
6/7/2021,WE2,,4.6,Bottom,,,,,,,,17,271,8.3,12.7,6.77,0.5,,<0.1,<0.1,0.99,21.97,,,,,,,,,,
6/7/2021,WE4,8.66,0.75,Surface,8:24,41.826,-83.195,9.91,2.15,cloudy,1,20.9,264.5,3.5,41.5,9.71,208.4,4.56,<0.1,<0.1,6.71,22.68,34.38,7.91,5.47,6.27,0.504,1.06,0.22,0.43,6.27,2.4
6/7/2021,WE6,2.87,0.75,Surface,10:27,41.705,-83.3854,7.78,0.66,cloudy,1,22.1,421.9,2.8,49.6,7.02,310,7.27,<0.1,<0.1,1.80,57.32,87.71,59.13,41.22,123.34,3.002,0.7,0.12,2.15,4.73,1.1
6/7/2021,WE8,5.07,0.75,Surface,7:46,41.8333,-83.3598,11.08,1.08,cloudy,0.5,20.2,313.4,6.4,20.2,7.69,62.5,16.5,<0.1,<0.1,0.61,7.99,70.24,35.16,24.81,53.23,1.5,0.67,0.13,1.13,8.15,<0.17
6/7/2021,WE8,,4.4,Bottom,,,,,,,,16.6,274.8,5.9,23.3,7.24,0,,<0.1,<0.1,0.12,0.68,,,,,,,,,,
6/7/2021,WE9,2.76,0.75,Surface,10:43,41.7174,-83.4241,5.83,2.15,cloudy,0.3,21,498,13.1,3.8,6.21,133.2,17.4,<0.1,<0.1,0.84,15.66,115.3,46.51,37.45,121.79,3.312,1.15,0.2,2.08,20.7,0.4
6/7/2021,WE12,6.66,0.75,Surface,9:55,41.7029,-83.2539,5.83,2.15,partly sunny,0.5,20.5,291.1,7.5,15.5,8.21,270.1,16.2,<0.1,<0.1,0.41,13.32,56.43,24.31,16.53,6.97,0.999,0.91,0.16,0.72,16.5,<0.08
6/7/2021,WE12,,5.9,Bottom,,,,,,,,16.3,313.6,17.6,1.3,5.12,0,,<0.1,0.11,0.12,1.05,,,,,,,,,,
6/7/2021,WE13,8.98,0.75,Surface,8:57,41.7433,-83.1371,8.94,2.15,cloudy,2,20,249.3,1.8,63.5,8.88,356.7,2.31,<0.1,<0.1,0.53,7.12,20.61,10.37,3.05,19.35,0.402,0.54,0.1,0.32,3.44,<0.21
6/7/2021,WE13,,8.3,Bottom,,,,,,,,14.4,232.3,4.2,34.7,7.1,2.2,,<0.1,<0.1,0.21,3.12,,,,,,,,,,
6/7/2021,WE16,6,0.75,Surface,9:25,41.6584,-83.1448,7.78,2.15,mostly sunny,1,20.3,291.6,6.3,20.9,8.15,147.2,14,<0.1,<0.1,1.31,12.48,49.34,24.72,15.1,4.94,1.032,0.88,0.15,0.71,14,0.08
6/22/2021,WE2,5.35,0.75,Surface,11:30,41.7627,-83.33,1.94,2.15,sunny,1,22.5,289.8,4.3,34.1,7.11,1264,7.11,<0.1,0.13,0.77,11.62,41.42,20.55,14.77,63.87,0.882,0.46,0.09,0.61,6.48,0.48
6/22/2021,WE2,,4.8,Bottom,,,,,,,,22.2,289.3,4.7,31,7.59,15.4,,<0.1,0.14,<0.36,11.48,,,,,,,,,,
6/22/2021,WE4,8.35,0.75,Surface,8:47,41.8269,-83.1963,7,4.31,sunny,1.5,21.6,233.6,3.6,42.3,7.91,710.1,4.51,<0.1,0.1,<0.36,8.42,22.89,11.18,4.89,41.16,0.307,0.41,0.06,0.21,6.44,0.84
6/22/2021,WE6,2.88,0.75,Surface,10:50,41.706,-83.3844,1.94,3.23,sunny,0.6,22.3,412.1,8.2,13,7.51,538.8,14.6,0.16,0.19,0.10,66.45,77.65,36.73,24.58,54.46,2.882,1.34,0.2,1.72,16.92,2.8
6/22/2021,WE8,4.86,0.75,Surface,8:08,41.8345,-83.3604,7,5.38,sunny,2.5,23.5,317.9,1.9,63,6.91,544.2,3.58,<0.1,0.17,<0.36,11.28,54.99,33.18,24.75,134.25,1.086,0.32,0.06,0.84,4.08,0.96
6/22/2021,WE8,,4.1,Bottom,,,,,,,,23.6,318.7,1.7,66,7.09,29.7,,<0.1,0.16,<0.36,7.71,,,,,,,,,,
6/22/2021,WE9,2.54,0.75,Surface,11:05,41.7174,-83.423,1.94,3.23,sunny,0.7,22.6,537.3,6.1,21.7,7.72,642.1,10.1,<0.1,0.2,0.51,82.83,69.22,30.03,16.71,34.86,3.243,1.55,0.21,2.32,12.36,3.76
6/22/2021,WE12,6.56,0.75,Surface,10:17,41.7035,-83.2544,3.89,3.23,sunny,0.5,22.6,322.4,9,10.5,7.26,640.1,15.6,<0.1,0.24,0.31,20.15,68.87,29.47,19.65,74.57,1.387,0.57,0.09,1.92,19.52,3.6
6/22/2021,WE12,,5.8,Bottom,,,,,,,,22.6,321.2,9.1,10.2,7.54,0,,<0.1,0.18,0.15,7.96,,,,,,,,,,
6/22/2021,WE13,8.97,0.75,Surface,9:20,41.7448,-83.1362,2.92,4.31,sunny,0.5,22,264.7,10.3,8.1,7.22,395.7,13.8,<0.1,0.15,<0.36,7.61,42.57,19.53,7.12,43.44,0.526,0.79,0.12,0.4,14.84,1.32
6/22/2021,WE13,,8.2,Bottom,,,,,,,,22,265.6,9.5,9.3,7.64,0,,<0.1,0.21,<0.36,7.41,,,,,,,,,,
6/22/2021,WE16,5.9,0.75,Surface,9:50,41.6587,-83.1456,3.89,3.23,sunny,0.5,21.9,269.2,7.5,15.4,7.11,524.8,13.7,<0.1,0.1,<0.36,5.42,49.01,20.58,15.3,64.85,0.605,0.62,0.1,0.46,16.34,1.24
7/6/2021,WE2,5.29,0.75,Surface,11:33,41.762,-83.3321,9.72,3.23,sunny,1.5,24.6,303.6,2.3,56.5,7.74,332.8,2.84,<0.1,<0.1,4.91,20.01,31.66,7.91,2.72,7.28,1.041,0.78,0.14,0.76,4.42,2.2
7/6/2021,WE2,,4.5,Bottom,,,,,,,,24.2,300.8,2.6,51.9,7.69,38.5,,<0.1,<0.1,1.02,16.64,,,,,,,,,,
7/6/2021,WE4,8.42,0.75,Surface,8:36,41.8258,-83.1969,12.05,3.23,partly sunny,2.3,24.2,297.7,1.9,61.9,7.85,183.7,1.99,0.12,<0.1,4.77,7.09,22.78,10.2,2.13,17.97,0.857,0.54,0.1,0.78,2.82,1.76
7/6/2021,WE6,2.39,0.75,Surface,10:48,41.7057,-83.3852,7.78,2.15,sunny,2.5,25.7,539.6,1.2,73.8,6.31,171,1.83,<0.1,<0.1,0.37,3.95,100.19,84.92,56.15,78.73,5.887,0.26,0.06,3.34,1.96,1.46
7/6/2021,WE8,5.01,0.75,Surface,7:54,41.833,-83.3591,14,3.23,cloudy,2.3,24.2,302.5,1.4,70.6,7.08,220.1,1.74,<0.1,<0.1,3.23,6.53,23.01,8.97,3.28,24.61,1.092,0.39,0.09,0.74,2.56,1.74
7/6/2021,WE8,,4.3,Bottom,,,,,,,,24.2,302.4,1.4,70.6,7.28,1.4,,<0.1,<0.1,2.42,6.32,,,,,,,,,,
7/6/2021,WE9,2.49,0.75,Surface,11:05,41.7177,-83.4246,7.78,2.15,sunny,0.5,25.5,478.7,7.5,15.5,7.09,244.2,11.2,<0.1,<0.1,2.54,27.01,120.92,51.22,34.95,31.24,4.912,1.21,0.38,2.93,13.2,3.16
7/6/2021,WE12,6.68,0.75,Surface,10:15,41.704,-83.2537,7.78,3.23,sunny,,24.4,265,2.2,57.4,8.17,386.6,2.52,<0.1,<0.1,2.26,7.93,22.5,8.65,1.83,7.03,0.515,0.57,0.11,0.41,3.46,1.66
7/6/2021,WE12,,5.9,Bottom,,,,,,,,23.1,261.7,6.1,22.7,6.46,24.9,,<0.1,<0.1,2.74,8.65,,,,,,,,,,
7/6/2021,WE13,8.98,0.75,Surface,9:10,41.7437,-83.1379,11.08,3.23,mostly sunny,3,24.2,249.6,1.8,63.6,7.64,210.3,2.36,<0.1,<0.1,0.96,5.43,17.36,5.93,2.64,9.48,0.415,0.41,0.07,0.37,2.98,1.2
7/6/2021,WE13,,8.2,Bottom,,,,,,,,22.8,239.8,5.7,24.1,6.16,5.4,,<0.1,<0.1,0.71,6.21,,,,,,,,,,
7/6/2021,WE16,5.96,0.75,Surface,9:42,41.6585,-83.1464,9.72,3.23,mostly sunny,2,24.2,281.4,2,60.7,7.48,269,2.88,<0.1,<0.1,1.44,6.49,23.95,7.16,1.81,24.78,0.69,0.52,0.11,0.55,3.76,1.38
7/13/2021,WE2,5.49,0.75,Surface,11:50,41.7602,-83.3328,12.05,1.31,overcast,0.3,23.6,353,25,0.4,7.44,548,28.2,<0.1,<0.1,0.33,7.12,92.34,35.98,25.1,54.08,1.868,1.07,0.16,1.19,30.16,3.6
7/13/2021,WE2,,4.9,Bottom,,,,,,,,23.6,354.8,18.5,1,6.92,0,,<0.1,<0.1,0.24,7.31,,,,,,,,,,
7/13/2021,WE4,8.53,0.75,Surface,8:44,41.8263,-83.1968,17.11,1.31,overcast,2,23.7,277.6,5,28.9,6.99,141,7.07,<0.1,<0.1,0.20,4.68,39.82,20.19,12.06,61.97,0.629,0.45,0.07,0.54,8.6,1.56
7/13/2021,WE6,2.88,0.75,Surface,11:02,41.7041,-83.3864,11.66,1.31,overcast,0.8,23.9,489,5.5,25.4,6.02,244,10.02,<0.1,0.12,0.76,2.38,132.44,110.75,60.83,156.38,5.543,0.35,0.07,3.44,8.9,3.1
7/13/2021,WE8,5.14,0.75,Surface,7:56,41.8337,-83.3582,11.66,1.31,overcast,0.8,23.3,300,6.4,20.1,6.88,75.8,8.92,<0.1,<0.1,0.51,3.28,46.15,23.45,16.86,72.49,0.971,0.53,0.15,0.8,11.5,2.2
7/13/2021,WE8,,4.2,Bottom,,,,,,,,23.3,300,6.3,20.7,7.02,0.3,,<0.1,0.14,<0.9,2.93,,,,,,,,,,
7/13/2021,WE9,2.75,0.75,Surface,11:20,41.7173,-83.4234,11.66,1.31,overcast,0.5,24.4,497.4,12.3,4.6,5.05,37.8,19.4,<0.1,<0.1,0.45,15.14,183.39,111.99,80.78,199.75,5,1.11,0.16,4.66,23.3,5
7/13/2021,WE12,6.78,0.75,Surface,10:27,41.7022,-83.2535,11.66,1.31,rain,0.3,23.6,252.6,19.2,0.8,6.83,82.6,30.4,<0.1,0.1,0.22,4.11,63.37,17.05,12.97,42.92,0.399,1.07,0.16,0.49,84.3,8.9
7/13/2021,WE12,,6,Bottom,,,,,,,,23.6,252.6,19.1,0.8,7.24,0,,<0.1,<0.1,0.23,3.98,,,,,,,,,,
7/13/2021,WE13,9.12,0.75,Surface,9:19,41.7423,-83.1363,14.97,1.31,overcast,0.5,23.7,258.9,9.7,9.2,6.99,200,13.7,<0.1,<0.1,0.14,5.03,43.37,19,9.85,40.17,0.457,0.6,0.09,0.4,15.64,2
7/13/2021,WE13,,8.3,Bottom,,,,,,,,23.7,259.4,8.6,11.6,7.35,0,,<0.1,<0.1,0.25,4.46,,,,,,,,,,
7/13/2021,WE16,6.06,0.75,Surface,9:50,41.6574,-83.1449,11.66,1.31,overcast,1.3,23.7,261,3.3,43.4,6.9,292,5.97,<0.1,<0.1,0.15,2.08,31.7,20.44,11.34,51.41,0.466,0.26,0.05,0.38,6.84,0.56
7/19/2021,WE2,5.76,0.75,Surface,11:29,41.763,-83.3306,5.83,0.66,sunny,1.5,24.2,289.3,2.9,48.5,7.84,703.2,3.18,0.1,<0.1,3.74,15.66,37.47,13.36,7.67,7.06,0.819,1.93,0.32,0.75,4.72,1.56
7/19/2021,WE2,,4.9,Bottom,,,,,,,,24.1,298.9,2.3,56.5,7.89,24.8,,<0.1,<0.1,0.73,12.22,,,,,,,,,,
7/19/2021,WE4,8.55,0.75,Surface,8:44,41.8278,-83.1952,9.91,0.98,sunny,3,23.5,233.9,1.6,66.6,7.83,416.1,1.4,0.15,<0.1,0.40,5.86,14.82,3.44,1.35,6.42,0.313,0.48,0.08,0.27,3.12,1.32
7/19/2021,WE6,3.07,0.75,Surface,10:49,41.7052,-83.3858,7.78,0.66,sunny,0.5,24.5,451.2,7.9,14,5.39,255.4,15.2,<0.1,0.22,0.30,4.68,214.46,170.53,91.2,75.28,4.19,0.46,0.07,6.37,12,2.9
7/19/2021,WE8,5.01,0.75,Surface,8:04,41.8341,-83.3608,9.91,0.98,hazy,1.8,24.4,305.6,2.9,48.3,8.04,166.2,3.5,<0.1,<0.1,3.18,33.12,32.31,8.93,2.44,9.34,0.763,1.15,0.2,0.96,6.84,2.6
7/19/2021,WE8,,4.2,Bottom,,,,,,,,24.3,304,2.8,49.3,8.68,7.1,,<0.1,<0.1,2.90,35.19,,,,,,,,,,
7/19/2021,WE9,2.71,0.75,Surface,11:04,41.7179,-83.4239,7.78,0.66,sunny,0.1,24.3,331.1,55.3,0,4.97,13.5,88.7,<0.1,0.21,0.63,8.4,345.05,181.85,111.71,35.9,3.935,1.27,0.16,8.01,79.6,8.8
7/19/2021,WE12,6.8,0.75,Surface,10:14,41.702,-83.2541,5.83,0.98,sunny,1.5,24.5,294.5,3.4,42.8,8.34,392.9,4.29,0.12,<0.1,10.15,27.59,41.36,11.54,5.6,6.84,0.911,2.55,0.49,0.82,6.68,2.92
7/19/2021,WE12,,5.9,Bottom,,,,,,,,24.3,305.1,3.1,46,8.26,5.2,,<0.1,<0.1,2.39,13.42,,,,,,,,,,
7/19/2021,WE13,9.12,0.75,Surface,9:15,41.7438,-83.137,8.94,0.98,sunny,2.5,23.8,245.4,2.6,53,7.9,529.5,2.41,<0.1,0.16,1.05,14.33,22.07,7.13,3.6,6,0.369,0.72,0.12,0.35,4.08,1.84
7/19/2021,WE13,,8.3,Bottom,,,,,,,,23.7,279.2,2.9,49.4,7.72,6.5,,<0.1,0.11,1.31,13.97,,,,,,,,,,
7/19/2021,WE16,6.15,0.75,Surface,9:44,41.6592,-83.1455,5.83,0.98,sunny,2,24.5,315.3,2.2,57.1,7.15,407.4,3.46,<0.1,<0.1,1.18,8.51,45.77,23.18,11.46,33.61,1.278,0.37,0.07,0.98,4.32,0.32
7/26/2021,WE2,5.5,0.75,Surface,11:35,41.7619,-83.3315,3.89,0.66,sunny,1.5,25.4,288.1,2.5,53.4,7.72,166,3.22,0.14,<0.1,7.81,15.86,33.39,10.59,3.11,4.2,0.875,0.74,0.13,1.26,4.18,1.2
7/26/2021,WE2,,4.7,Bottom,,,,,,,,25.36,284.2,2.4,55.4,7.47,18.1,,<0.1,<0.1,2.19,10.16,,,,,,,,,,
7/26/2021,WE4,8.49,0.75,Surface,8:39,41.8258,-83.1946,7,0.98,sunny,3,23.86,252.8,1.9,62.7,7.52,153.9,1.13,<0.1,<0.1,0.55,6.63,20.78,8.47,2.65,5.04,0.29,0.38,0.07,0.37,1.94,0.7
7/26/2021,WE6,3.09,0.75,Surface,10:52,41.706,-83.3838,3.89,0.66,sunny,0.5,24.08,274.7,4.8,30.1,5.73,68.4,10.4,<0.1,<0.1,0.90,8.84,175.15,146.53,92.88,80,3.875,0.49,0.08,5.78,6.44,1.36
7/26/2021,WE8,4.98,0.75,Surface,8:08,41.8329,-83.3596,8.94,0.98,sunny,2,24.96,299.6,2.1,59.1,7.06,162.6,2.4,<0.1,<0.1,1.61,9.03,30.39,9.56,2.46,19.43,0.744,0.47,0.09,1.02,3.28,0.64
7/26/2021,WE8,,4.3,Bottom,,,,,,,,24.2,298.1,2.1,58.7,6.01,15.8,,<0.1,<0.1,0.10,3.93,,,,,,2.79,0.48,,,
7/26/2021,WE9,2.64,0.75,Surface,11:10,41.7177,-83.4235,3.89,0.66,sunny,0.3,23.91,273.7,16.8,1.5,7.58,85.4,25.4,0.2,<0.1,18.58,77.12,229.78,142.79,92.02,10.92,3.804,,,6.31,29.9,4.5
7/26/2021,WE12,6.7,0.75,Surface,10:20,41.7031,-83.2532,5.83,0.66,sunny,1.4,23.82,260.3,3.1,46.6,7.82,207,6.6,0.42,<0.1,7.56,23.2,56.89,22.05,11.63,4.81,1.625,1.13,0.2,2.14,5.32,1.68
7/26/2021,WE12,,6,Bottom,,,,,,,,24.24,260,2.9,48.2,7.68,3.1,,<0.1,<0.1,1.28,12.43,,,,,,,,,,
7/26/2021,WE13,9.21,0.75,Surface,9:14,41.7446,-83.137,7.97,0.98,sunny,2,24.25,231.8,1.9,61.8,7.7,515.8,1.32,<0.1,<0.1,0.70,8.38,18.44,5.02,3.26,4.29,0.283,0.47,0.07,0.28,2.7,0.74
7/26/2021,WE13,,8.3,Bottom,,,,,,,,23.79,231.6,3.7,40.4,7.48,17.4,,<0.1,<0.1,0.56,8.12,,,,,,,,,,
7/26/2021,WE16,6.06,0.75,Surface,9:44,41.6593,-83.1448,5.83,0.66,sunny,2,22.68,253.8,2.2,57.4,7.51,891.7,1.97,<0.1,<0.1,2.97,10.89,24.15,8.36,3.25,6.48,0.901,0.61,0.11,0.68,2.6,1.12
8/2/2021,WE2,5.63,0.75,Surface,11:32,41.7629,-83.3299,3.89,0.66,sunny,1.5,24.4,261.9,3.2,45,7.15,282.5,3.79,0.1,<0.1,0.91,7.07,26.68,10.23,2.53,9.22,0.275,0.53,0.08,0.43,4.58,0.84
8/2/2021,WE2,,4.7,Bottom,,,,,,,,24.2,262.1,3.5,41.7,7.49,26.5,,0.1,<0.1,1.33,7.78,,,,,,,,,,
8/2/2021,WE4,8.53,0.75,Surface,8:35,41.8277,-83.196,9.91,1.64,sunny,3.5,23.9,223.5,1.6,66.5,7.38,580.9,1.82,0.13,<0.1,0.88,6.05,17.89,9.84,2.75,12.46,0.215,0.4,0.06,0.22,2.3,0.74
8/2/2021,WE6,3.04,0.75,Surface,10:49,41.7067,-83.3834,3.89,0.98,sunny,1,24.2,398.5,3.1,45.8,6.36,530,7.39,0.13,<0.1,0.41,5.8,127.53,102.2,60.93,101.13,2.79,0.36,0.06,4.57,5,0.38
8/2/2021,WE8,5.3,0.75,Surface,7:56,41.834,-83.3599,9.91,1.64,sunny,2,,,,,,,7.06,<0.1,<0.1,1.13,9.28,34.05,15.76,3.25,34.09,0.895,0.6,0.11,1.42,2.5,0.62
8/2/2021,WE8,,4.3,Bottom,,,,,,,,,,,,,,,<0.1,<0.1,1.20,9.51,,,,,,,,,,
8/2/2021,WE9,2.75,0.75,Surface,11:07,41.7179,-83.4219,3.89,0.66,sunny,0.3,25.3,446,13.3,3.6,5.7,211.9,20.8,<0.1,<0.1,0.97,19.83,178.46,117.52,73.42,153.25,3.591,1.3,0.21,5.63,17.5,0.9
8/2/2021,WE12,6.71,0.75,Surface,10:08,41.7035,-83.2534,3.89,0.98,sunny,1,24.5,296.8,5.1,28.2,7.48,740.1,7.81,0.46,<0.1,4.16,24.38,55.85,20.24,9.76,12.78,1.232,1.04,0.18,2.3,9.72,1.58
8/2/2021,WE12,,6,Bottom,,,,,,,,24.5,298.8,5.4,25.9,7.72,0.3,,0.3,<0.1,3.49,22.17,,,,,,,,,,
8/2/2021,WE13,9.14,0.75,Surface,9:07,41.745,-83.1379,8.94,1.31,sunny,1.8,23.9,241.4,3.2,45.1,7.23,765.9,4.1,<0.1,<0.1,0.40,6.81,27.34,6.57,3.26,5.43,0.257,0.53,0.09,0.38,5.68,0.36
8/2/2021,WE13,,8.3,Bottom,,,,,,,,23.9,241.8,3.2,44.9,7.72,2.2,,<0.1,<0.1,0.59,6.41,,,,,,,,,,
8/2/2021,WE16,6.17,0.75,Surface,9:36,41.6612,-83.145,5.83,1.31,sunny,1,24.6,319.3,7.2,21,7.75,567,10.1,7.28,0.19,13.35,21.13,85.61,35.79,19.99,42.31,1.652,1.84,0.35,2.24,8.06,1.86
8/9/2021,WE2,5.74,0.75,Surface,12:28,41.7623,-83.3297,13.61,1.31,cloudy,1.5,25.6,297.8,2.7,50.5,9.47,1003.7,5.99,4.95,0.18,22.43,56.01,42.82,15.85,7.68,6.85,1.094,2.76,0.43,2.09,7.8,4
8/9/2021,WE2,,4.9,Bottom,,,,,,,,24.9,304.3,3.2,45.3,9.01,8,,1.21,0.25,6.72,42.07,,,,,,,,,,
8/9/2021,WE4,8.69,0.75,Surface,8:57,41.8255,-83.1951,13.02,0.98,hazy,2.5,24.9,262.3,1.9,62.3,7.26,145.9,1.41,0.15,<0.1,2.77,8.83,22.21,14.97,3.56,13.09,0.26,0.72,0.12,0.39,2.16,0.22
8/9/2021,WE6,3.02,0.75,Surface,11:29,41.7047,-83.3859,9.72,0.98,hazy,1.3,25.6,355.3,3,47.4,8.94,554,6.23,1.53,0.39,12.61,47.19,71.17,28.29,15.46,12.66,2.04,1.92,0.34,3.69,6.88,2.18
8/9/2021,WE8,5.09,0.75,Surface,8:11,41.8337,-83.3591,13.02,0.98,hazy,1.5,25,287.4,2.6,52.4,7.67,80.1,4.77,0.54,0.19,12.49,34.84,35.91,13.58,2.97,17.26,0.665,1.46,0.24,1.46,5.44,1.6
8/9/2021,WE8,,4,Bottom,,,,,,,,25,287.6,2.5,53.3,8.61,2.1,,0.38,0.18,9.71,36.33,,,,,,,,,,
8/9/2021,WE9,2.81,0.75,Surface,11:49,41.7172,-83.4239,13.61,0.98,hazy,1,26.2,408.9,3.9,37.6,7.29,629.6,5.31,0.53,0.18,12.85,28.6,102.9,65.43,41.19,21.63,2.453,1.01,0.19,4.19,6.26,1.02
8/9/2021,WE12,6.74,0.75,Surface,10:52,41.7028,-83.2547,9.72,0.98,hazy,1.5,25.1,260.3,3,47.4,7.49,1129.4,3.2,0.18,<0.1,5.33,13.84,27.86,8.78,3.7,5.51,0.382,0.94,0.15,0.65,4.5,0.52
8/9/2021,WE12,,6,Bottom,,,,,,,,24.9,259.1,3,47.7,7.91,19.3,,0.38,0.12,5.82,14.95,,,,,,,,,,
8/9/2021,WE13,9,0.75,Surface,9:39,41.7414,-83.1369,11.08,0.98,hazy,2.5,24.9,239.3,2,61.4,7.53,853.5,4.37,0.24,<0.1,4.10,8.83,20.28,6.85,3.76,7.26,0.189,3.16,0.51,0.24,2.68,0.1
8/9/2021,WE13,,8.2,Bottom,,,,,,,,24.6,236.7,2.5,53.5,7.33,19.4,,0.37,0.1,3.96,8.23,,,,,,,,,,
8/9/2021,WE16,6.08,0.75,Surface,10:20,41.6581,-83.1444,9.72,0.98,hazy,2,25.1,279.2,2.2,58.1,7.29,870.7,2.74,0.5,0.19,10.15,13.97,31.58,10.78,4.42,10.56,0.684,1.12,0.2,0.72,3.84,1.2
8/16/2021,WE2,5.7,0.75,Surface,12:04,41.7625,-83.3289,1.94,1.64,overcast,1,24.4,263.5,4.2,34.8,8.15,133.3,7.6,1.01,0.19,10.56,65.52,42.33,12.86,5,7.39,0.318,1.99,0.3,0.75,12.62,2.66
8/16/2021,WE2,,5,Bottom,,,,,,,,24.4,263.7,4.1,35.6,8.92,0.4,,1.16,0.29,9.36,69.32,,,,,,,,,,
8/16/2021,WE4,8.55,0.75,Surface,8:52,41.8279,-83.1948,17.11,2.3,overcast,2.5,24.4,257.1,2.9,50.4,7.27,104.9,2.09,0.4,0.24,3.47,11.41,26.7,8.57,5.75,11.58,0.263,0.72,0.11,0.42,3.08,0.48
8/16/2021,WE6,3.19,0.75,Surface,11:13,41.7063,-83.385,7.78,1.97,overcast,0.5,23.9,317.9,9.2,10.1,8.66,50.7,21.8,2.3,0.33,5.71,117.49,69.22,9.5,4.29,6.94,1.181,3.65,0.52,2.46,30.92,4.44
8/16/2021,WE8,5.28,0.75,Surface,8:02,41.833,-83.3589,15.94,2.3,overcast,1,24.7,296.2,4.8,30,8.15,20.4,8.31,2.28,0.28,9.53,84.97,40.6,13.86,4.87,7.58,0.742,2.86,0.38,1.87,12.28,4.44
8/16/2021,WE8,,4.5,Bottom,,,,,,,,24.7,296.5,4.6,31.7,9.1,0,,1.78,0.27,9.64,97.35,,,,,,,,,,
8/16/2021,WE9,2.74,0.75,Surface,11:33,41.7184,-83.4226,3.89,1.64,overcast,0.5,24.4,414.6,12.4,4.5,6.91,6.8,30.8,0.57,0.29,2.72,99.06,149.82,55.37,42.46,38.51,1.537,2.75,0.47,3.43,34.56,3.16
8/16/2021,WE12,6.88,0.75,Surface,10:30,41.7027,-83.2504,9.72,1.97,overcast,1,24.4,256.1,4.3,34.4,7.67,167.4,6.88,0.89,0.21,4.42,45.19,20.73,10.33,5.57,6,0.266,1.4,0.24,0.7,10.4,1.94
8/16/2021,WE12,,6,Bottom,,,,,,,,24.4,256.4,4.3,34.3,8.3,0.4,,0.73,0.24,5.71,44.22,,,,,,,,,,
8/16/2021,WE13,9.17,0.75,Surface,9:27,41.742,-83.1338,12.05,2.3,overcast,1.5,24.3,244.2,2.9,48.9,7.37,269.2,3.62,0.57,0.16,1.97,11.06,22.77,8.59,4.55,4.82,0.195,0.69,0.11,0.32,4.66,0.38
8/16/2021,WE13,,8.3,Bottom,,,,,,,,24.3,244.4,2.8,49.2,7.77,1.9,,0.31,0.16,2.33,11.25,,,,,,,,,,
8/16/2021,WE16,6.17,0.75,Surface,10:01,41.6597,-83.1455,11.66,1.97,rain,1.5,24.3,252.9,2.9,48.3,7.62,146.8,3.96,1.21,0.23,6.79,21.39,36.98,13.45,6.1,7.17,0.257,1.22,0.2,0.47,5.2,1.42
8/23/2021,WE2,5.76,0.75,Surface,11:26,41.7629,-83.3309,9.72,0.98,sunny,1,25.9,278,3.4,43.1,7.92,179.1,5.56,2.39,0.3,7.27,19.89,33.16,12.84,2.27,5.75,0.392,1.63,0.25,1.2,6.22,2.56
8/23/2021,WE2,,4.9,Bottom,,,,,,,,24.7,279.9,4.5,32.5,3.88,7,,2.53,0.2,6.17,20.15,,,,,,,,,,
8/23/2021,WE4,8.49,0.75,Surface,8:34,41.8259,-83.1953,8.94,0.98,cloudy,2.5,25.9,235.7,2,60.5,8.34,129.8,1.39,0.35,0.1,2.62,9.85,17.09,8.55,1.95,4.9,0.143,0.77,0.12,0.31,2.4,0.86
8/23/2021,WE6,3.1,0.75,Surface,10:44,41.7065,-83.3821,9.72,0.98,sunny,1,26.4,316.7,4,36.5,7.63,130.2,8.3,1.46,0.39,7.57,26.13,46.5,13.47,5.14,4.85,0.802,1.91,0.3,2.09,6.26,3.04
8/23/2021,WE8,5.04,0.75,Surface,7:56,41.8345,-83.3596,8.94,0.98,sunny,1,27.7,293.2,4.5,32.7,7.55,50.5,10.2,5.86,0.25,8.57,44.41,45.29,7.32,2.83,6.28,0.391,3.49,0.54,1.41,11.88,7.2
8/23/2021,WE8,,4.2,Bottom,,,,,,,,26.7,290.5,3.7,39.7,8.81,0.6,,5.08,0.28,9.64,27.43,,,,,,,,,,
8/23/2021,WE9,2.67,0.75,Surface,11:02,41.7177,-83.4236,9.72,0.98,sunny,0.7,26.7,415.7,5.2,27.4,6.34,125.6,6.23,2.32,0.25,18.31,40.76,108.9,50.46,32.5,27.12,0.945,2.32,0.43,3.32,9.76,3.8
8/23/2021,WE12,6.77,0.75,Surface,10:08,41.7032,-83.253,9.72,0.98,sunny,1.5,25.7,253.9,3.4,42.4,8.77,194,6.82,0.74,0.16,5.28,17.88,25.65,17.24,2.81,3.85,0.195,1.28,0.2,0.79,5.96,2.32
8/23/2021,WE12,,6,Bottom,,,,,,,,24.4,262.1,5.4,26.6,4.27,5.2,,0.81,0.23,7.26,17.36,,,,,,,,,,
8/23/2021,WE13,9.05,0.75,Surface,9:07,41.7449,-83.1373,9.91,0.98,cloudy,1.5,25.9,249.8,2.4,54.6,9.12,138.8,4.43,0.71,0.17,10.16,16.97,22.26,5.9,2.25,3.36,0.062,1.21,0.2,0.53,4.68,2.18
8/23/2021,WE13,,8.3,Bottom,,,,,,,,24.2,254.9,4.7,30.7,4.34,1.3,,0.87,0.14,6.73,16.58,,,,,,,,,,
8/23/2021,WE16,6.23,0.75,Surface,9:35,41.6612,-83.1455,7.78,0.98,sunny,1.5,25.7,247.7,2.9,48.2,8.96,207.3,3.58,0.91,0.16,7.17,17.16,27.91,7.09,5.04,4.55,0.175,1.2,0.19,0.56,5.04,1.98
8/30/2021,WE2,5.54,0.75,Surface,11:03,41.7615,-83.3316,3.89,0.66,sunny,1,26.9,269,4.2,35.3,7.19,749.1,4.89,1.59,0.21,9.94,26.26,34.6,13.24,3.79,5.32,0.176,2.3,0.33,1.12,8.05,4.45
8/30/2021,WE2,,4.6,Bottom,,,,,,,,26.5,271.5,4.3,33.9,7.21,5.8,,1.56,0.21,7.05,28.6,,,,,,,,,,
8/30/2021,WE4,8.39,0.75,Surface,8:30,41.8265,-83.1967,7,0.98,mostly cloudy,1.5,26.7,237.3,2.8,50.2,6.91,142.8,4.12,1.05,0.12,3.57,14.1,24.74,6.54,2.23,13.33,0.159,1.21,0.19,0.39,4.95,4.65
8/30/2021,WE6,3.1,0.75,Surface,10:26,41.7064,-83.3846,3.89,0.66,sunny,1,27.2,382.9,3.9,37.6,6.83,484.9,4.58,0.52,0.39,5.90,31.83,83.04,32.61,18.66,5.08,0.574,1.71,0.31,2.64,6.3,4.15
8/30/2021,WE8,4.93,0.75,Surface,7:53,41.8339,-83.3594,9.91,0.98,sunny,1.5,26.4,273,3.3,44.4,6.41,48.4,6.23,1.74,0.28,10.46,28.27,47.29,12.38,5.32,25.95,0.191,2.02,0.33,1.22,6.65,5
8/30/2021,WE8,,4.2,Bottom,,,,,,,,26.5,273.5,3.2,44.9,6.93,1.2,,2.38,0.25,15.64,30.09,,,,,,,,,,
8/30/2021,WE9,2.64,0.75,Surface,10:41,41.7179,-83.4232,3.89,0.66,sunny,0.7,27.2,370.6,5.5,25.2,6.79,89.3,7.78,3.84,0.69,15.98,47.48,99.74,25.35,19.28,27.58,0.464,2.73,0.48,2.5,10.25,4.1
8/30/2021,WE12,6.69,0.75,Surface,9:55,41.7034,-83.2552,3.89,0.66,mostly sunny,1.3,26.3,249.7,3.7,40.1,6.89,142.1,5.89,1.26,0.14,8.21,21.12,30.95,13.45,2.68,7.24,0.046,1.52,0.24,0.73,6.45,1.5
8/30/2021,WE12,,5.9,Bottom,,,,,,,,26.3,250.2,3.5,42.2,7.2,2.9,,1,0.2,5.70,18.85,,,,,,,,,,
8/30/2021,WE13,8.89,0.75,Surface,9:01,41.7436,-83.1366,5.05,0.98,mostly cloudy,2,26.3,230.4,2.7,50.6,6.56,245.6,2.51,0.18,0.11,2.81,9.72,19.8,9.05,2.3,9.82,0.146,0.77,0.12,0.33,3.6,1
8/30/2021,WE13,,8.3,Bottom,,,,,,,,26.1,232,2.7,50.7,7.14,4.3,,0.43,<0.1,1.95,10.17,,,,,,,,,,
8/30/2021,WE16,6.06,0.75,Surface,9:28,41.6594,-83.1461,3.89,0.98,partly sunny,1.5,26.4,248.2,2.7,51.3,6.7,162,5.88,1.72,0.17,5.96,18.65,30.25,9.45,2.6,20.86,0.053,1.29,0.2,0.54,4.95,2.5
9/7/2021,WE2,5.25,0.75,Surface,11:24,41.7613,-83.3319,11.66,0.98,sunny,0.8,23.5,262.6,5,28.8,7.73,716.8,8.41,3.45,0.23,42.09,38.12,51.99,9.47,8.13,7.98,0.029,2.21,0.33,1.06,9.8,5.7
9/7/2021,WE2,,4.4,Bottom,,,,,,,,23.4,263.1,5,28.6,8.34,3.1,,2.94,0.36,26.54,38.07,,,,,,,,,,
9/7/2021,WE4,8.33,0.75,Surface,8:28,41.8249,-83.1967,14,0.66,sunny,2.3,23.9,258.3,2.4,54.8,7.32,127.9,3.16,0.54,0.25,12.09,14.3,22.79,5.58,4.01,11.01,0.176,0.79,0.13,0.43,3.44,1.2
9/7/2021,WE6,2.63,0.75,Surface,10:42,41.7045,-83.3863,11.66,0.98,sunny,1,22.8,399.9,4.2,34.7,7.96,432,7.89,3.28,0.51,38.37,57.57,81.41,50.99,37.28,7.52,0.225,2.72,0.47,1.9,9.6,2.1
9/7/2021,WE8,5.11,0.75,Surface,7:52,41.8334,-83.3588,14,0.66,sunny,0.8,23.8,281.2,6.6,19.2,8.26,27.5,14.3,6.99,0.28,74.91,71.03,63.63,9.88,4.42,6.89,0.031,5.01,0.77,1.08,16.6,7.5
9/7/2021,WE8,,4.4,Bottom,,,,,,,,23.3,280.6,4.8,30.5,8.68,0,,4.06,0.28,53.08,51.82,,,,,,,,,,
9/7/2021,WE9,2.51,0.75,Surface,10:58,41.7176,-83.4238,11.66,0.98,sunny,0.4,23,390.5,10.7,7,7.51,185.4,15.2,3.33,0.58,28.43,54.06,112.88,46.49,32.93,17.08,0.231,2.58,0.44,2.08,17.6,3.2
9/7/2021,WE12,6.58,0.75,Surface,10:06,41.7026,-83.2547,11.66,0.98,sunny,0.5,23.2,265.5,7.5,15.5,7.11,238.5,13.4,3.17,0.22,35.63,40.7,54.44,8.35,6.4,7.45,0.085,2.73,0.52,1.01,14.92,4.92
9/7/2021,WE12,,5.8,Bottom,,,,,,,,23.2,265.7,7.3,16,7.78,0,,1.74,0.2,37.46,35.97,,,,,,,,,,
9/7/2021,WE13,8.39,0.75,Surface,9:01,41.7423,-83.1365,14.97,0.98,sunny,0.8,23.7,250.6,5.3,26.9,7.13,242.1,8.63,2.27,0.18,22.41,27.69,39.84,10.57,7.72,7.52,0.02,1.63,0.27,0.2,9.88,3.2
9/7/2021,WE13,,8.2,Bottom,,,,,,,,23.7,257.5,5.3,26.6,7.8,0,,1.68,0.18,23.34,26.78,,,,,,,,,,
9/7/2021,WE16,5.78,0.75,Surface,9:34,41.6576,-83.1446,11.66,0.98,sunny,1.5,23.4,242.2,3.3,43.6,7.36,425.2,4.63,1.41,0.14,16.41,23.72,27.86,11.68,3.84,4.82,0.036,1.46,0.22,0.71,5.92,1.96
9/13/2021,WE2,5.73,0.75,Surface,11:12,41.7623,-83.3295,5.83,1.31,partly sunny,0.7,22.6,269.9,5.9,23,8.32,532.7,10.8,1.81,0.22,74.54,48.31,52.64,12.48,5.63,5.31,0.037,2.21,0.31,1.06,13.04,4.08
9/13/2021,WE2,,4.9,Bottom,,,,,,,,22.5,271.4,6,22.2,8.92,0.5,,2.51,0.26,66.62,55.38,,,,,,,,,,
9/13/2021,WE4,8.47,0.75,Surface,8:32,41.8267,-83.1951,13.02,1.31,cloudy,1.4,22.7,247.4,3.5,42.4,8.08,59,5.11,0.67,0.23,54.79,31.72,27.29,12.4,4.96,5.73,0.087,1.26,0.2,0.43,6.2,1.96
9/13/2021,WE6,3.22,0.75,Surface,10:31,41.7066,-83.3849,9.72,1.31,cloudy,0.8,22.2,330.2,8.9,10.8,8.12,260.4,15.1,1.5,0.37,33.71,68.98,81.26,16.53,5.83,4.56,0.034,4.35,0.5,1.9,20.84,8.6
9/13/2021,WE8,5.07,0.75,Surface,7:51,41.8343,-83.3583,14,0.98,cloudy,0.8,22.4,268,7,18.5,7.67,34.4,10.5,2.15,0.28,27.71,47.72,53.65,8.18,5.59,3.98,0.035,2.75,0.32,1.08,14.4,5.84
9/13/2021,WE8,,4.3,Bottom,,,,,,,,22.4,267.8,6.5,19.9,8.43,0,,1.33,0.29,32.03,64.54,,,,,,,,,,
9/13/2021,WE9,2.76,0.75,Surface,10:47,41.7182,-83.4222,9.72,1.64,cloudy,0.3,22.6,378.6,12,5,7.74,81.1,15.6,1.56,0.31,36.54,68.34,109.56,25.31,15.88,9.73,0.059,2.62,0.43,2.08,21,5.12
9/13/2021,WE12,6.93,0.75,Surface,9:56,41.7042,-83.2522,11.66,1.31,cloudy,0.7,22.5,266.5,6.1,21.9,8.05,226,13,1.7,0.26,42.18,52.5,51.8,6.67,3.2,3.65,0.003,2.29,0.35,1.01,13.88,4.48
9/13/2021,WE12,,5,Bottom,,,,,,,,22.5,268.5,6.4,20.3,8.49,0,,2.37,0.22,49.48,53.72,,,,,,,,,,
9/13/2021,WE13,9.11,0.75,Surface,9:01,41.7439,-83.1365,13.02,1.31,cloudy,2.5,22.7,222.8,2,60.6,7.23,155.1,1.65,0.21,0.13,4.34,5.31,19.8,13.53,6.83,11.63,0.164,0.36,0.06,0.2,2.96,3.12
9/13/2021,WE13,,8.3,Bottom,,,,,,,,22.7,223.8,2.3,56.3,7.75,7.9,,0.18,<0.1,7.69,5.23,,,,,,,,,,
9/13/2021,WE16,6.19,0.75,Surface,9:30,41.6618,-83.1457,9.72,1.31,cloudy,1.5,22.6,254.3,4.9,29.2,7.67,89.3,7.68,0.86,0.14,28.23,30.68,45.05,7.03,3.74,4.34,0.003,1.84,0.24,0.71,10.32,4.96
9/20/2021,WE2,5.62,0.75,Surface,11:05,41.7615,-83.3297,7.78,0.98,cloudy,0.6,22.7,288.3,7.5,15.4,7.32,276.3,11.4,0.87,0.27,7.21,5.49,60.2,6.87,3.92,4.54,0.005,2.36,0.31,1.21,16.8,5.44
9/20/2021,WE2,,4.6,Bottom,,,,,,,,22.6,288.5,7.8,14.3,7.53,0,,0.97,0.23,6.04,2.07,,,,,,,,,,
9/20/2021,WE4,8.75,0.75,Surface,8:31,41.8251,-83.1949,15.94,1.31,cloudy,1,22.6,255.1,4.5,32.8,7.6,66.3,5.48,1.1,0.21,8.88,7.73,29.14,4.9,1.72,9.5,0.026,1.37,0.23,0.55,9.36,3.44
9/20/2021,WE6,3.03,0.75,Surface,10:27,41.7054,-83.3842,7.78,1.31,cloudy,0.3,22.6,308.6,15.2,2.3,6.65,62.7,28.5,1.15,0.35,5.75,2.18,103.92,10.62,4.05,4.82,<0.002,3.76,0.51,1.54,34,9.6
9/20/2021,WE8,5.24,0.75,Surface,7:51,41.8327,-83.358,13.02,0.98,mostly cloudy,0.6,22.7,271.4,5.7,23.8,7.44,27,10.1,0.68,0.28,4.03,18.78,49.95,5.73,2.04,4.6,0.035,2.56,0.33,1.12,15.12,6.28
9/20/2021,WE8,,4.4,Bottom,,,,,,,,22.7,271.8,5.7,24.1,8.03,0,,0.64,0.3,6.04,14.04,,,,,,,,,,
9/20/2021,WE9,2.79,0.75,Surface,10:43,41.7174,-83.4229,7.78,0.98,cloudy,0.3,23.2,405.8,12.6,4.3,6.79,92.9,14.6,0.65,0.25,12.56,18.39,117.63,44.46,33.7,8.96,0.181,2.85,0.53,2.15,24.8,7.52
9/20/2021,WE12,6.81,0.75,Surface,10:00,41.701,-83.2522,9.72,1.31,cloudy,0.5,22.7,266.6,7,17.3,7.42,124.4,10.7,0.52,0.23,5.92,1.05,47.43,7.62,2.5,5.09,0.014,2,0.3,0.91,13.08,3.76
9/20/2021,WE12,,6,Bottom,,,,,,,,22.7,266.9,6.9,17.9,7.76,0,,0.61,0.24,3.94,21.45,,,,,,,,,,
9/20/2021,WE13,9.06,0.75,Surface,9:05,41.7409,-83.1365,14,1.31,cloudy,1,22.8,244.8,4.6,31.5,7.65,29.5,6.01,0.25,0.13,4.63,23.72,28.52,4.92,1.78,10.24,0.037,1.27,0.21,0.46,9.36,3
9/20/2021,WE13,,8.2,Bottom,,,,,,,,22.8,244.9,4.7,31.2,8.28,0,,0.81,0.21,4.68,24.24,,,,,,,,,,
9/20/2021,WE16,6.71,0.75,Surface,9:33,41.6676,-83.1517,7.78,1.31,cloudy,1,22.8,249,4.4,33.8,7.28,120.6,7.2,0.88,0.31,3.09,8.87,28.53,7.07,2.2,4.21,0.034,1.48,0.21,0.65,9.64,3.48
9/27/2021,WE2,5.12,0.75,Surface,14:11,41.7615,-83.332,11.66,0.98,sunny,0.5,17.8,452,6.4,20.4,8.63,439.9,9.95,0.53,0.37,12.47,30.2,94.57,68.32,40.88,50.09,0.519,1.79,0.29,2.11,11.88,3.72
9/27/2021,WE2,,4.1,Bottom,,,,,,,,17.2,443.1,7.2,16.5,8.73,1.3,,0.85,0.3,4.53,25.3,,,,,,,,,,
9/27/2021,WE4,,0.75,Surface,10:25,41.8253,-83.2003,14.97,1.64,sunny,,,,,,,,7.04,0.29,0.22,2.55,20.5,38.6,14.17,4.27,10.61,0.121,1.17,0.17,0.98,11.08,2.92
9/27/2021,WE6,2.78,0.75,Surface,13:20,41.7051,-83.3862,11.66,0.98,sunny,0.7,17.6,492,4.4,32.9,7.13,271.9,11.9,<0.1,0.22,0.87,5.45,117.03,119.81,76.25,156.72,2.3,0.54,0.09,5.69,4.68,0.68
9/27/2021,WE8,4.89,0.75,Surface,9:39,41.8321,-83.3595,18.08,1.64,sunny,1,18.2,280.7,5.5,25.3,8.1,283.6,9.92,0.67,0.33,3.31,27.81,56.27,17.17,10.8,7.42,0.042,1.67,0.27,1.2,13.16,3.56
9/27/2021,WE8,,4.3,Bottom,,,,,,,,18.1,280.7,5.4,26.2,8.52,1.1,,0.45,0.36,3.60,27.4,,,,,,,,,,
9/27/2021,WE9,2.48,0.75,Surface,13:47,41.7173,-83.4236,11.66,0.98,sunny,0.4,17.8,470.6,8.8,11.1,7.13,199.9,19.1,0.11,0.19,4.98,11.6,137.78,110.36,68.69,119.22,2.32,1.09,0.16,5.44,13.64,2.12
9/27/2021,WE12,6.43,0.75,Surface,11:16,41.7046,-83.2575,13.61,1.64,sunny,0.5,18.6,267.8,9.3,9.9,8.45,287.6,14.3,0.44,0.36,2.58,29.08,57.64,16.95,15.64,12.82,0.032,1.45,0.21,0.98,15.24,4.4
9/27/2021,WE12,,5.8,Bottom,,,,,,,,18.6,267.9,9.2,10.2,8.39,0,,0.48,0.39,3.25,28.59,,,,,,,,,,
10/4/2021,WE2,5.5,0.75,Surface,12:47,41.762,-83.3307,3.89,0.33,cloudy,1.3,19,294.7,3.9,38,8.15,365.1,4.94,0.11,0.2,6.78,16.64,41.99,18.65,10.63,9.19,0.074,1.03,0.17,0.98,5.48,2.24
10/4/2021,WE2,,4.6,Bottom,,,,,,,,18.8,309.5,3.8,38.6,8.2,5.2,,<0.1,0.2,1.05,8.45,,,,,,,,,,
10/4/2021,WE4,8.41,0.75,Surface,9:36,41.8302,-83.1947,7,0.33,rain,2.7,18.9,249,2.3,56.1,8.78,109.4,1.4,<0.1,<0.1,3.85,13,16.93,12,1.46,8.02,0.201,0.65,0.11,0.32,2.6,1.8
10/4/2021,WE6,2.93,0.75,Surface,12:06,41.7054,-83.3845,5.83,0.33,cloudy,1.2,19.7,447.7,3.5,42.2,7.48,224.2,6.34,0.22,0.21,4.43,18.74,105.43,95.98,50.7,50.67,1.647,0.85,0.16,4.02,4.52,2.2
10/4/2021,WE8,4.99,0.75,Surface,9:18,41.8337,-83.358,6.03,0.33,cloudy,1.3,19.2,312,3.5,41.6,8.21,257.7,6.61,0.14,0.23,27.58,33,47.66,12.62,3.68,6.69,0.037,1.71,0.32,1.44,5.56,4.52
10/4/2021,WE8,,4.3,Bottom,,,,,,,,18.7,319.3,2.6,52.7,8.48,4.3,,0.18,0.26,4.16,15.4,,,,,,,,,,
10/4/2021,WE9,2.9,0.75,Surface,12:21,41.7172,-83.4224,3.89,0.33,cloudy,1,19.2,409.2,4.5,32.8,7.56,143.5,8.18,0.17,0.19,3.61,19.76,94.91,71.84,50.72,78.74,1.621,1.08,0.19,3.7,6.32,4.04
10/4/2021,WE12,6.62,0.75,Surface,11:32,41.7027,-83.2536,3.89,0.33,cloudy,1.5,19.1,257.4,4,37.1,8.32,257.7,5.34,<0.1,0.15,5.02,19.23,30.4,9.92,2.34,8.36,0.029,0.96,0.17,0.7,5.6,1.84
10/4/2021,WE12,,5.9,Bottom,,,,,,,,19,262.6,3.8,38.4,8.65,2.4,,<0.1,0.17,2.50,15.66,,,,,,,,,,
10/4/2021,WE13,8.94,0.75,Surface,10:31,41.7426,-83.1359,6.03,0.33,cloudy,2.5,19.2,233.6,2.4,54.9,8.59,380,2.04,0.1,0.1,2.02,11.15,16.05,13.11,2.26,10.33,0.174,0.59,0.09,0.3,2.64,1.36
10/4/2021,WE13,,8.3,Bottom,,,,,,,,19.1,233.1,2.5,53.7,9.04,12.1,,<0.1,0.15,1.82,10.85,,,,,,,,,,
10/4/2021,WE16,6.02,0.75,Surface,11:03,41.6595,-83.1428,5.83,0.66,cloudy,1.5,19.1,254.7,3.4,42.7,8.17,332.7,4.23,<0.1,0.14,2.98,16.61,27.03,12.24,4.16,10.55,0.03,0.71,0.12,0.57,4.52,1.68
10/12/2021,WE2,5.16,0.75,Surface,10:38,41.7611,-83.3337,13.61,1.31,partly sunny,1,20.1,344.6,,,7.67,,10.3,<0.1,<0.1,9.98,15.72,61.08,21.71,22.06,26.63,0.658,1.09,0.19,1.96,9.2,2.04
10/12/2021,WE2,,4.4,Bottom,,,,,,,,20.1,344.3,,,7.86,,,<0.1,0.25,4.31,15.5,,,,,,,,,,
10/12/2021,WE4,8.32,0.75,Surface,8:40,41.8256,-83.1987,15.94,1.31,mostly cloudy,,19.9,236.1,,,7.86,,1.38,<0.1,<0.1,0.66,5.45,13.45,7.42,3.97,15.79,0.331,0.37,0.06,0.33,1.64,0.82
10/12/2021,WE6,2.78,0.75,Surface,9:55,41.7057,-83.3856,15.55,1.31,cloudy,1.4,20.3,296.2,,,7.44,,5.22,0.15,0.29,1.32,9.75,41.11,26.13,16.78,27.65,0.214,0.65,0.1,1.26,5.24,1.6
10/12/2021,WE8,5.11,0.75,Surface,7:57,41.8314,-83.3582,18.08,1.31,partly sunny,1,20.9,325.2,,,8,,8.29,0.15,0.21,20.23,33.61,40.6,9.97,2.31,19.36,0.337,1.81,0.34,1.43,9.92,3.52
10/12/2021,WE8,,4.5,Bottom,,,,,,,,20.9,325.3,,,8.54,,,0.15,0.2,19.90,34.86,,,,,,,,,,
10/12/2021,WE9,2.41,0.75,Surface,10:10,41.7175,-83.4239,15.55,1.31,sunny,0.4,20.7,490.7,,,6.11,,19.1,<0.1,0.13,0.99,10.73,149.38,102.07,79.46,109.26,2.982,1.08,0.16,5.48,19.16,2.12
10/12/2021,WE12,6.43,0.75,Surface,9:23,41.7035,-83.2563,13.61,1.31,cloudy,1,19.9,295.9,,,7.73,,6.53,<0.1,0.19,2.19,10.4,41.29,19.36,14.64,15.36,0.201,0.73,0.12,1.31,7.52,1.28
10/12/2021,WE12,,5.8,Bottom,,,,,,,,19.9,296.3,,,7.93,,,<0.1,0.2,2.11,10.43,,,,,,,,,,
10/18/2021,WE2,5.61,0.75,Surface,11:08,41.7629,-83.3305,3.89,0.66,sunny,1,17.1,323.7,,,8.04,,10.1,<0.1,0.14,3.21,17.5,53.54,20.89,18.68,30.64,0.435,1,0.18,1.48,7.64,1.52
10/18/2021,WE2,,4.7,Bottom,,,,,,,,16.9,346.4,,,8.46,,,<0.1,0.18,1.80,10.53,,,,,,,,,,
10/18/2021,WE4,8.39,0.75,Surface,8:36,41.8314,-83.1967,7.97,0.98,sunny,2.7,17.9,245.6,,,8.82,,1.77,<0.1,<0.1,0.21,3.92,21.25,15.59,5.51,20.57,0.354,0.24,0.05,0.32,2.37,0.07
10/18/2021,WE6,3.11,0.75,Surface,10:29,41.7067,-83.384,3.89,0.98,sunny,0.1,15.9,407.7,,,6.39,,58,<0.1,<0.1,0.24,2.66,267.46,168.54,133.82,68.04,3.579,1.73,0.23,9.52,48.72,4.36
10/18/2021,WE8,4.97,0.75,Surface,8:00,41.833,-83.3615,8.94,0.98,sunny,2.8,17.5,453.3,,,8.08,,4.73,<0.1,0.1,2.45,11.93,75.4,40.8,40.28,69.57,2.059,0.65,0.12,3.57,4.85,0.96
10/18/2021,WE8,,4.2,Bottom,,,,,,,,17.6,456.6,,,8.06,,,<0.1,0.2,5.38,10.95,,,,,,,,,,
10/18/2021,WE9,2.66,0.75,Surface,10:44,41.7177,-83.4234,3.89,0.66,sunny,0.1,16.3,415,,,6.17,,65.1,<0.1,<0.1,0.34,6.51,288.77,153.24,145.15,65.99,3.638,1.87,0.28,9.11,56.16,4.6
10/18/2021,WE12,6.8,0.75,Surface,10:00,41.7034,-83.2541,5.83,0.98,sunny,1,16.8,321.1,,,8.53,,7.15,<0.1,0.17,3.96,14.49,56.04,33.14,23.37,15.91,0.584,0.84,0.15,1.87,8.84,0.28
10/18/2021,WE12,,6,Bottom,,,,,,,,16.8,321.8,,,8.6,,,<0.1,0.19,7.39,16.83,,,,,,,,,,
10/18/2021,WE13,9.02,0.75,Surface,9:05,41.7433,-83.1357,6.03,0.66,sunny,1.5,17.7,243.9,,,8.28,,5.25,<0.1,<0.1,0.49,3.41,28.02,11.5,5.91,21.77,0.319,0.42,0.08,0.38,6.6,0.26
10/18/2021,WE13,,8.3,Bottom,,,,,,,,17.7,244.4,,,8.34,,,<0.1,<0.1,0.73,3.74,,,,,,,,,,
10/18/2021,WE16,5.99,0.75,Surface,9:34,41.6579,-83.1387,7.78,0.98,sunny,1,17.4,298.9,,,8.07,,9.01,<0.1,0.18,15.42,13.23,44.27,23.93,15.09,26.22,0.14,0.99,0.18,1.04,10.44,1.74
10/27/2021,WE2,5.7,0.75,Surface,8:50,41.7629,-83.3305,7.97,1.31,cloudy,0.5,13.7,306.8,,,8.87,,12.3,0.13,0.13,1.85,9.49,49.94,19.3,15.63,31.91,0.661,1.17,0.12,1.32,16.12,1.96
10/27/2021,WE2,,5.1,Bottom,,,,,,,,13.8,306.8,,,9.02,,,<0.1,0.13,1.15,8.74,,,,,,,,,,
10/27/2021,WE6,2.88,0.75,Surface,9:16,41.7067,-83.384,5.83,1.31,cloudy,0.2,11.8,481.1,,,8.88,,34,<0.1,0.11,0.73,2.25,222.12,146.22,122.11,89.94,4.165,1.93,0.21,7.01,38.4,4
10/27/2021,WE8,4.99,0.75,Surface,8:26,41.833,-83.3614,9.91,1.31,cloudy,1.4,13.6,428.8,,,9.23,,5.4,<0.1,0.16,1.48,7.34,44.91,33.32,23.61,55.62,1.805,0.6,0.09,2.13,6.44,1.08
10/27/2021,WE8,,4.4,Bottom,,,,,,,,13.6,430.8,,,8.77,,,<0.1,0.12,0.83,6.63,,,,,,,,,,
